證券代號,證券名稱,成交股數,成交金額,開盤價,最高價,最低價,收盤價,漲跌價差,成交筆數
"0050","元大台灣50","46,790,503","3,463,425,684","74.95","75.25","72.80","72.80","-2.05","23,021"
"0051","元大中型100","43,172","1,177,199","27.30","27.57","26.75","26.75","-0.52","45"
"0052","富邦科技","161,425","9,156,750","57.60","57.60","55.35","55.35","-2.35","67"
"0053","元大電子","35,076","1,163,448","33.36","33.61","32.56","32.69","-0.67","19"
"0054","元大台商50","27,028","507,569","18.80","19.00","18.64","18.64","-0.36","13"
"0055","元大MSCI金融","62,050","940,984","15.35","15.35","15.00","15.10","-0.32","52"
"0056","元大高股息","80,530,934","1,897,973,002","23.70","23.82","23.26","23.29","-0.38","35,938"
"0057","富邦摩台","20,011","967,537","48.35","48.35","48.35","48.35","-0.90","3"
"0061","元大寶滬深","5,889,414","103,296,868","17.30","18.50","16.90","17.93","+1.00","2,346"
"006203","元大MSCI台灣","7,000","242,470","34.98","34.98","34.52","34.52","-0.20","5"
"006204","永豐臺灣加權","7,000","327,600","47.17","47.17","46.63","46.63","-0.62","5"
"006205","富邦上証","2,176,076","61,949,579","28.38","28.58","28.18","28.22","-0.13","301"
"006206","元大上證50","602,582","17,703,772","29.15","29.60","29.15","29.24","+0.09","359"
"006207","FH滬深","241,250","5,335,510","21.95","22.28","21.93","21.95","+0.02","97"
"006208","富邦台50","1,366,482","58,018,386","43.80","43.80","41.55","41.55","-1.48","867"
"00625K","富邦上証+R","50,000","333,500","6.67","6.67","6.67","6.67","+0.04","2"
"00631L","元大台灣50正2","22,770,009","725,909,170","32.86","32.88","30.66","30.66","-2.22","6,348"
"00632R","元大台灣50反1","307,003,192","3,890,066,718","12.54","12.90","12.49","12.90","+0.41","26,210"
"00633L","富邦上証正2","22,471,500","823,578,024","36.40","37.38","35.89","35.89","-0.29","4,146"
"00634R","富邦上証反1","11,553,832","72,528,184","6.32","6.35","6.23","6.34","+0.02","1,106"
"00635U","元大S&P黃金","2,074,480","45,122,284","21.79","21.81","21.66","21.70","+0.34","679"
"00636","國泰中國A50","1,812,020","35,264,078","19.39","19.61","19.31","19.31","-0.08","522"
"00636K","國泰中國A50+U","0","0","0.00","0.00","0.00","0.00"," 0.00","0"
"00637L","元大滬深300正2","117,360,971","1,650,312,234","14.00","14.32","13.72","13.72","-0.13","12,552"
"00638R","元大滬深300反1","6,524,000","83,028,110","12.70","12.85","12.60","12.85","+0.06","881"
"00639","富邦深100","2,842,731","30,718,102","10.65","10.88","10.65","10.71","+0.07","290"
"00640L","富邦日本正2","3,151,000","39,372,470","12.34","12.93","12.24","12.28","+0.14","723"
"00641R","富邦日本反1","4,330,005","76,639,029","17.88","18.03","17.36","18.03","+0.05","978"
"00642U","元大S&P石油","77,488,385","800,805,843","10.22","10.45","10.22","10.25","-0.50","13,667"
"00643","群益深証中小","1,486,000","19,564,510","12.81","13.30","12.81","13.02","+0.12","494"
"00643K","群益深証中小+R","0","0","0.00","0.00","0.00","0.00"," 0.00","0"
"00645","富邦日本","143,551","2,438,596","16.73","17.15","16.73","16.79","+0.10","38"
"00646","元大S&P500","3,052,106","68,939,394","22.90","22.91","22.38","22.38","-0.56","991"
"00647L","元大S&P500正2","4,152,000","94,073,210","22.75","23.40","22.35","22.41","-1.84","835"
"00648R","元大S&P500反1","10,595,844","149,013,129","13.90","14.20","13.88","14.20","+0.55","1,375"
"00650L","FH香港正2","314,000","6,348,200","20.11","20.70","19.68","20.09","-0.12","89"
"00651R","FH香港反1","1,118,000","10,717,130","9.60","9.68","9.47","9.68","+0.13","217"
"00652","富邦印度","144,240","2,472,946","17.61","17.61","16.89","16.94","-0.68","66"
"00653L","富邦印度正2","1,661,000","26,245,990","16.42","16.42","15.20","15.20","-1.64","430"
"00654R","富邦印度反1","1,077,000","18,607,390","17.00","17.72","16.91","17.65","+0.76","245"
"00655L","國泰中國A50正2","9,188,000","243,042,750","26.45","26.98","25.90","25.90","-0.10","2,103"
"00656R","國泰中國A50反1","2,297,000","26,544,820","11.60","11.68","11.45","11.68","+0.04","252"
"00657","國泰日經225","101,000","2,134,830","21.14","21.14","20.83","20.83","-0.26","3"
"00657K","國泰日經225+U","100","700","7.00","7.00","7.00","7.00","+0.11","1"
"00660","元大歐洲50","72,000","1,287,470","17.89","18.10","17.75","17.81","-0.36","27"
"00661","元大日經225","5,000","108,700","21.83","21.89","21.50","21.50","-0.37","5"
"00662","富邦NASDAQ","287,441","8,117,878","28.40","28.66","27.87","27.87","-0.53","177"
"00663L","國泰臺灣加權正2","1,078,111","30,450,753","28.60","29.02","27.20","27.20","-1.82","234"
"00664R","國泰臺灣加權反1","9,186,005","132,651,621","14.29","14.69","14.24","14.69","+0.44","1,308"
"00665L","富邦恒生國企正2","216,000","4,029,380","18.31","18.96","18.15","18.22","-0.28","95"
"00666R","富邦恒生國企反1","96,000","1,454,230","14.91","15.19","14.91","15.15","+0.24","10"
"00668","國泰美國道瓊","1,585,100","35,786,960","22.63","22.81","22.28","22.28","-0.75","407"
"00668K","國泰美國道瓊+U","100","748","7.48","7.48","7.48","7.48","-0.08","1"
"00669R","國泰美國道瓊反1","16,859,000","258,411,780","15.29","15.60","15.16","15.60","+0.82","2,103"
"00670L","富邦NASDAQ正2","4,569,000","125,750,710","27.70","28.39","26.60","26.60","-2.16","1,446"
"00671R","富邦NASDAQ反1","10,084,100","127,292,220","12.66","12.89","12.51","12.89","+0.58","715"
"00672L","元大S&P原油正2","364,271,500","909,166,432","2.70","2.70","2.36","2.40","-1.01","37,879"
"00673R","元大S&P原油反1","7,133,571","184,148,969","25.70","26.06","25.67","26.06","+2.54","1,420"
"00674R","元大S&P黃金反1","836,000","13,549,280","16.21","16.31","16.15","16.31","-0.28","215"
"00675L","富邦臺灣加權正2","2,685,000","33,273,620","12.63","12.77","11.94","11.94","-0.76","595"
"00676R","富邦臺灣加權反1","10,766,000","84,213,600","7.70","7.95","7.69","7.94","+0.22","1,554"
"00677U","富邦VIX","869,273,587","9,221,523,951","10.32","11.30","10.28","11.30","+1.88","57,546"
"00678","群益NBI生技","493,200","9,496,299","19.70","19.70","19.00","19.01","-0.43","194"
"00680L","元大美債20正2","660,100","19,611,936","29.39","29.86","29.39","29.70","-4.05","186"
"00681R","元大美債20反1","426,000","5,796,800","13.58","13.64","13.56","13.63","+0.82","113"
"00682U","元大美元指數","38,000","756,880","19.82","19.96","19.82","19.96","+0.42","22"
"00683L","元大美元指數正2","62,000","1,259,880","20.38","20.50","20.23","20.35","+0.50","18"
"00684R","元大美元指數反1","16,000","287,600","17.88","18.03","17.87","18.03","X0.00","9"
"00685L","群益臺灣加權正2","403,000","4,373,240","10.98","11.12","10.50","10.57","-0.61","112"
"00686R","群益臺灣加權反1","2,298,000","19,675,030","8.50","8.70","8.42","8.69","+0.25","265"
"00688L","國泰20年美債正2","22,000","663,230","30.20","30.44","29.95","30.10","-4.25","11"
"00689R","國泰20年美債反1","153,000","2,132,040","13.88","14.03","13.82","13.97","+0.79","16"
"00690","兆豐藍籌30","293,150","5,504,916","19.00","19.05","18.45","18.45","-0.50","172"
"00691R","兆豐藍籌30反1","66,000","1,108,220","16.79","16.89","16.70","16.89","+0.43","6"
"00692","富邦公司治理","9,140,240","173,968,953","19.39","19.39","18.72","18.72","-0.70","4,044"
"00693U","街口S&P黃豆","1,587,470","21,105,512","13.19","13.36","13.19","13.30","+0.04","154"
"00700","富邦恒生國企","105,058","1,806,974","17.52","17.52","17.19","17.19","-0.33","7"
"00701","國泰股利精選30","4,367,311","78,307,902","18.24","18.24","17.70","17.71","-0.56","2,090"
"00702","國泰標普低波高息","233,000","3,515,650","15.10","15.23","14.95","14.95","-0.23","19"
"00703","台新MSCI中國","78,000","1,430,740","18.20","18.44","18.15","18.25","+0.27","25"
"00706L","元大S&P日圓正2","11,000","193,660","17.69","17.69","17.58","17.60","-0.05","10"
"00707R","元大S&P日圓反1","2,000","39,030","19.56","19.56","19.47","19.47","+0.02","2"
"00708L","元大S&P黃金正2","9,998,000","224,045,730","22.46","22.53","22.24","22.32","+0.79","1,707"
"00709","富邦歐洲","163,000","2,349,310","14.24","14.53","14.24","14.31","-0.42","22"
"00710B","FH彭博高收益債","401,330","6,944,992","17.50","17.50","17.16","17.17","-0.35","118"
"00711B","FH彭博新興債","504,000","9,802,650","19.63","19.63","19.25","19.42","-0.68","10"
"00712","FH富時不動產","950,300","11,354,719","12.96","12.96","11.04","11.65","-1.31","600"
"00713","元大台灣高息低波","163,000","4,296,660","26.68","26.68","26.00","26.00","-0.62","143"
"00714","群益道瓊美國地產","188,000","3,043,240","16.18","16.35","16.10","16.13","-0.26","39"
"00715L","街口布蘭特油正2","195,838,000","747,541,030","4.01","4.01","3.65","3.65","-1.35","13,399"
"00717","富邦美國特別股","3,873,491","59,753,095","15.76","15.76","15.23","15.42","-0.35","895"
"00728","第一金工業30","1,128,999","18,056,863","16.38","16.44","15.65","15.65","-0.45","192"
"00730","富邦臺灣優質高息","1,112,553","16,036,820","14.60","14.60","14.14","14.18","-0.41","468"
"00731","FH富時高息低波","108,000","4,219,420","39.70","39.70","38.69","38.84","-0.83","48"
"00732","國泰RMB短期報酬","100,000","3,844,000","38.44","38.44","38.44","38.44"," 0.00","2"
"00733","富邦臺灣中小","226,442","3,598,290","16.07","16.22","15.70","15.77","-0.22","22"
"00735","國泰臺韓科技","172,000","2,920,460","17.06","17.09","16.92","16.92","-0.33","19"
"00736","國泰新興市場","130,000","1,968,220","15.10","15.15","15.08","15.12","+0.51","16"
"00737","國泰AI+Robo","1,087,521","17,830,617","16.80","16.85","16.10","16.10","-0.60","428"
"00738U","元大道瓊白銀","2,968,000","42,087,300","14.31","14.31","13.97","14.23","-0.06","448"
"00739","元大MSCI A股","763,000","15,265,450","19.75","20.11","19.75","19.97","+0.26","133"
"00742","新光內需收益","10,000","179,750","18.09","18.09","17.82","17.82","-0.37","6"
"00743","國泰中國A150","35,038","702,259","20.31","20.31","19.80","19.80","-0.36","14"
"00752","中信中國50","1,729,253","36,765,874","21.30","21.41","21.09","21.12","+0.22","901"
"00753L","中信中國50正2","489,000","9,578,780","19.40","20.00","19.16","19.30","-0.06","116"
"00757","統一FANG+","412,000","8,042,890","19.68","19.75","19.10","19.15","-0.83","87"
"00762","元大全球AI","457,250","8,898,295","19.70","19.70","19.35","19.35","-0.27","254"
"00763U","街口道瓊銅","43,000","695,380","16.24","16.24","16.07","16.07","-0.29","12"
"00766L","台新MSCI中國正2","404,000","3,113,240","7.80","7.83","7.60","7.60","-0.07","74"
"00767","FH美國金融股","1,000","16,600","16.60","16.60","16.60","16.60","X0.00","1"
"00770","國泰北美科技","105,000","2,086,320","19.80","20.08","19.55","19.55","-0.76","16"
"00771","元大US高息特別股","212,815","3,334,828","15.75","15.90","15.50","15.56","-0.21","94"
"00774B","新光中國政金綠債","2,000","81,540","40.77","40.77","40.77","40.77","-0.17","2"
"00774C","新光中政金綠債+R","0","0","0.00","0.00","0.00","0.00"," 0.00","0"
"00775B","新光投等債15+","2,000","79,200","39.60","39.60","39.60","39.60","-1.80","2"
"00776","新光ICE美國權值","2,000","34,700","17.35","17.35","17.35","17.35","-0.20","2"
"00783","富邦中証500","1,335,641","24,022,744","17.67","18.03","17.67","17.80","+0.13","67"
"008201","BP上證50","0","0","0.00","0.00","0.00","0.00"," 0.00","0"
"00830","國泰費城半導體","1,358,692","17,916,918","13.40","13.40","12.96","13.00","-0.22","437"
"00850","元大臺灣ESG永續","8,484,709","157,578,884","18.82","18.85","18.29","18.29","-0.53","4,133"
"00851","台新全球AI","32,000","570,450","17.78","18.01","17.67","17.67","-0.06","20"
"00852L","國泰美國道瓊正2","36,008,250","292,061,567","8.13","8.38","7.90","7.91","-0.94","4,432"
"00861","元大全球未來通訊","9,478,779","163,572,705","17.40","17.55","16.98","16.98","-0.42","2,709"
"00865B","國泰US短期公債","99,000","3,899,070","39.43","39.43","39.35","39.35","-0.15","21"
"00866","新光Shiller CAPE","34,000","514,230","15.20","15.20","14.98","15.00","-0.20","6"
"01001T","土銀富邦R1","404,000","6,566,650","16.30","16.30","16.23","16.30","-0.01","30"
"01002T","土銀國泰R1","795,000","13,684,380","17.20","17.30","17.19","17.30","+0.10","220"
"01003T","兆豐新光R1","41,000","760,630","18.50","18.70","18.50","18.58","-0.22","16"
"01004T","土銀富邦R2","103,000","1,477,280","14.23","14.38","14.23","14.36","-0.02","16"
"01007T","兆豐國泰R2","360,000","6,211,190","17.30","17.30","17.22","17.29","-0.04","25"
"01009T","王道圓滿R1","49,000","457,630","9.47","9.47","9.31","9.47","-0.03","4"
"01010T","京城樂富R1","79,000","784,970","9.90","10.00","9.90","10.00"," 0.00","21"
"020000","富邦特選蘋果N","270,000","1,162,220","4.35","4.35","4.25","4.25","-0.10","34"
"020002","元富新中國N","0","0","0.00","0.00","0.00","0.00"," 0.00","0"
"020004","兆豐電菁英30N","4,000","75,480","18.87","18.87","18.87","18.87","+0.19","1"
"020005","永豐外資50N","0","0","0.00","0.00","0.00","0.00"," 0.00","0"
"020006","永昌中小300N","0","0","0.00","0.00","0.00","0.00"," 0.00","0"
"020007","凱基臺灣500N","0","0","0.00","0.00","0.00","0.00"," 0.00","0"
"020008","元大特股高息N","52,000","509,380","9.80","9.82","9.77","9.79","-0.03","19"
"020011","統一微波高息20N","16,000","65,760","4.11","4.11","4.11","4.11","-0.11","4"
"020012","富邦行動通訊N","1,816,000","7,159,580","3.98","3.98","3.84","3.84","-0.07","172"
"1101","台泥","36,467,777","1,343,606,922","37.30","37.50","36.00","36.00","-1.60","15,058"
"1101B","台泥乙特","86,195","4,604,393","53.40","53.80","53.10","53.80","+0.20","52"
"1102","亞泥","10,728,627","408,137,154","38.20","38.75","37.50","37.50","-0.75","5,016"
"1103","嘉泥","1,748,006","26,519,790","15.50","15.50","14.85","14.90","-0.35","1,004"
"1104","環泥","551,863","8,360,926","15.40","15.40","15.00","15.05","-0.30","345"
"1108","幸福","207,000","1,220,120","5.91","6.00","5.66","5.94","+0.12","110"
"1109","信大","298,100","4,359,709","14.50","14.80","14.35","14.50"," 0.00","166"
"1110","東泥","103,000","1,540,900","15.45","15.45","14.50","14.50","-0.95","84"
"1201","味全","2,010,607","34,563,135","17.35","17.55","17.00","17.05","-0.10","836"
"1203","味王","112,011","2,827,847","25.15","25.40","25.00","25.30","-0.05","93"
"1210","大成","2,788,796","97,820,786","35.85","35.85","34.70","34.70","-0.55","1,617"
"1213","大飲","77,100","391,088","5.56","5.56","5.01","5.08","-0.48","19"
"1215","卜蜂","1,061,980","54,660,056","51.90","52.10","51.00","51.00","-0.40","799"
"1216","統一","18,256,131","1,156,887,853","64.50","64.50","61.90","61.90","-3.00","8,307"
"1217","愛之味","2,184,535","13,132,909","5.92","6.10","5.92","6.00","+0.09","813"
"1218","泰山","1,311,243","25,257,983","19.80","19.90","18.80","18.90","-0.80","761"
"1219","福壽","174,750","3,087,036","17.10","18.70","16.80","18.35","+1.25","129"
"1220","台榮","126,000","1,184,020","9.50","9.60","9.33","9.33","-0.05","77"
"1225","福懋油","90,017","2,615,045","29.00","29.30","28.80","29.20","-0.70","82"
"1227","佳格","2,754,013","147,727,894","53.10","54.70","52.60","54.20","+1.70","2,160"
"1229","聯華","3,955,634","126,358,933","31.90","32.35","31.75","31.80","-0.05","2,589"
"1231","聯華食","369,641","12,625,812","34.20","34.30","34.05","34.05","-0.05","279"
"1232","大統益","197,081","20,009,762","102.00","102.50","100.50","101.00","+0.50","265"
"1233","天仁","133,500","4,401,450","32.90","33.30","32.60","33.05","-0.30","94"
"1234","黑松","219,307","6,338,987","29.05","29.50","28.75","29.45","+0.05","120"
"1235","興泰","50,286","1,170,119","23.35","23.80","22.90","23.70","-0.05","46"
"1236","宏亞","44,256","465,907","10.65","10.70","10.20","10.30","-0.25","42"
"1256","鮮活果汁-KY","171,836","30,406,800","180.00","181.00","171.00","177.00","-2.50","255"
"1301","台塑","24,594,228","1,764,474,498","74.40","74.40","70.00","70.00","-4.60","13,287"
"1303","南亞","18,968,989","1,020,676,117","56.50","56.50","51.60","52.40","-3.60","8,615"
"1304","台聚","1,964,664","18,926,243","9.66","9.75","9.50","9.50","-0.14","879"
"1305","華夏","5,992,130","79,101,440","14.10","14.20","12.90","12.90","-1.20","3,896"
"1307","三芳","325,443","5,585,361","17.60","17.60","16.65","16.85","-0.75","199"
"1308","亞聚","1,625,727","21,676,491","13.55","13.65","13.05","13.10","-0.25","1,110"
"1309","台達化","809,635","6,240,585","7.66","7.80","7.63","7.66","+0.01","381"
"1310","台苯","3,498,664","46,763,514","13.70","13.75","13.00","13.45","-0.25","1,748"
"1312","國喬","5,084,496","61,762,873","12.40","12.50","11.80","11.80","-0.55","2,225"
"1312A","國喬特","45,000","1,356,300","30.40","30.50","30.00","30.25","-0.75","29"
"1313","聯成","1,944,225","15,632,840","8.03","8.10","8.00","8.00","-0.02","654"
"1314","中石化","24,637,860","170,957,990","6.84","7.08","6.80","6.82","-0.01","6,643"
"1315","達新","1,437,536","63,227,739","44.50","44.65","43.55","43.95","-1.25","926"
"1316","上曜","1,147,850","9,599,135","8.20","8.49","8.20","8.38","+0.18","454"
"1319","東陽","1,809,027","53,436,814","30.00","30.20","29.05","29.05","-0.65","1,452"
"1321","大洋","362,000","8,380,700","23.10","23.80","22.85","22.90","-0.20","202"
"1323","永裕","330,555","9,598,771","29.85","29.85","28.35","28.35","-1.60","207"
"1324","地球","47,000","355,210","8.09","8.09","7.42","7.51","+0.03","31"
"1325","恆大","13,317,989","506,953,832","38.45","39.40","36.50","38.00","+0.60","7,272"
"1326","台化","20,728,266","1,312,997,770","65.90","65.90","61.40","61.70","-4.50","10,629"
"1337","再生-KY","662,119","2,454,552","3.68","3.78","3.64","3.65","+0.02","305"
"1338","廣華-KY","334,127","12,556,340","38.10","38.85","35.00","35.00","-3.10","280"
"1339","昭輝","255,000","8,523,500","34.25","34.25","32.70","32.70","-0.70","215"
"1340","勝悅-KY","536,577","4,602,518","8.80","8.98","8.05","8.45","-0.35","299"
"1341","富林-KY","8,020","465,665","57.00","59.10","56.70","59.10"," 0.00","21"
"1402","遠東新","11,750,252","264,417,935","22.70","22.80","22.10","22.15","-0.50","4,268"
"1409","新纖","3,471,517","33,607,977","9.63","9.80","9.62","9.68","+0.08","1,265"
"1410","南染","41,563","1,146,212","27.65","27.85","27.50","27.60","+0.05","23"
"1413","宏洲","99,049","656,037","6.50","6.70","6.50","6.70","+0.15","37"
"1414","東和","154,031","848,724","5.50","5.55","5.43","5.46","-0.04","80"
"1416","廣豐","230,791","2,324,459","10.10","10.20","10.00","10.10","-0.05","166"
"1417","嘉裕","380,090","2,843,976","7.63","7.71","7.37","7.55","-0.08","184"
"1418","東華","1,039","7,205","6.96","6.96","6.96","6.96","X0.00","10"
"1419","新紡","47,001","1,743,737","37.10","37.45","36.20","37.00","-0.40","47"
"1423","利華","71,800","642,550","8.94","9.08","8.72","9.04","+0.39","43"
"1432","大魯閣","318,000","1,233,800","3.71","4.00","3.71","3.89","-0.17","112"
"1434","福懋","3,846,836","111,187,322","29.00","29.35","28.60","28.60","-0.55","2,791"
"1435","中福","431,009","2,979,227","6.78","7.02","6.78","6.90","+0.19","174"
"1436","華友聯","148,697","5,096,272","34.90","35.50","33.85","34.65","-0.25","124"
"1437","勤益控","421,250","7,609,200","18.20","18.45","17.85","17.85","-0.40","190"
"1438","裕豐","21,792","233,163","10.70","10.80","10.60","10.80","X0.00","14"
"1439","中和","392,000","11,515,950","29.80","30.50","28.60","28.60","-1.10","206"
"1440","南紡","1,634,251","13,110,823","8.10","8.11","8.00","8.00","-0.08","641"
"1441","大東","182,054","1,119,921","6.00","6.38","6.00","6.01","-0.37","122"
"1442","名軒","341,466","5,161,208","15.20","15.40","14.85","15.10","-0.10","198"
"1443","立益","90,893","796,926","8.60","8.95","8.50","8.90","-0.05","30"
"1444","力麗","1,955,488","12,922,608","6.60","6.69","6.55","6.55","-0.11","667"
"1445","大宇","247,356","1,524,358","6.05","6.21","6.05","6.17","-0.04","61"
"1446","宏和","371,045","7,787,858","21.00","21.45","20.00","21.10","-0.20","195"
"1447","力鵬","1,104,212","5,517,460","4.96","5.02","4.96","4.99","-0.01","364"
"1449","佳和","1,032,278","10,294,873","10.00","10.30","9.93","9.99","+0.03","249"
"1451","年興","473,017","7,651,222","16.70","16.70","15.90","15.90","-0.80","328"
"1452","宏益","611,159","10,136,800","16.85","16.85","16.30","16.30","-0.55","330"
"1453","大將","43,009","285,431","6.81","6.82","6.55","6.55","-0.27","37"
"1454","台富","154,000","1,048,230","6.77","6.89","6.70","6.70"," 0.00","75"
"1455","集盛","1,547,503","7,723,374","5.02","5.10","4.93","4.93","-0.06","517"
"1456","怡華","32,000","204,090","6.60","6.60","6.25","6.25","+0.05","21"
"1457","宜進","622,000","6,325,650","10.10","10.30","10.10","10.10"," 0.00","254"
"1459","聯發","186,339","1,066,033","5.71","5.86","5.58","5.86","-0.12","79"
"1460","宏遠","806,898","4,464,790","5.52","5.68","5.42","5.47","-0.03","417"
"1463","強盛","360,000","3,683,700","10.25","10.30","10.20","10.20","-0.05","173"
"1464","得力","1,117,150","19,957,395","17.60","18.10","17.60","17.70","-0.35","556"
"1465","偉全","438,000","6,305,100","14.45","14.65","14.15","14.35","+0.10","150"
"1466","聚隆","54,002","324,412","5.78","6.19","5.78","6.03","-0.01","40"
"1467","南緯","648,060","4,393,719","6.64","7.13","6.54","6.69","-0.11","138"
"1468","昶和","26,000","226,750","8.68","9.08","8.03","9.08","+0.24","25"
"1470","大統新創","14,003","258,361","17.30","19.65","17.25","17.55","-1.45","16"
"1471","首利","158,736","259,396","1.60","1.66","1.51","1.62","+0.06","46"
"1472","三洋紡","32,070","453,788","14.15","14.15","14.15","14.15","-1.55","25"
"1473","台南","348,836","8,179,401","24.50","24.50","23.10","23.45","-0.35","236"
"1474","弘裕","436,058","3,673,091","8.33","8.58","8.25","8.25","-0.58","229"
"1475","本盟","10,404","66,520","6.41","6.42","6.41","6.42","-0.10","10"
"1476","儒鴻","1,989,237","496,829,192","263.00","263.00","241.50","241.50","-21.50","1,837"
"1477","聚陽","4,170,701","477,658,051","118.00","120.00","112.00","112.00","-6.00","3,250"
"1503","士電","259,456","10,319,123","39.85","40.50","39.15","40.00","+0.15","180"
"1504","東元","8,387,555","208,360,320","24.70","25.05","24.65","25.00","+0.20","2,676"
"1506","正道","142,128","1,423,059","10.25","10.25","9.91","10.10","-0.20","58"
"1507","永大","220,109","12,568,744","57.50","57.80","56.50","57.10","-0.40","194"
"1512","瑞利","112,495","336,262","3.00","3.00","2.85","2.85","-0.15","63"
"1513","中興電","2,196,831","48,065,424","21.75","22.10","21.65","21.85","+0.15","1,046"
"1514","亞力","1,469,525","22,119,630","15.20","15.35","14.80","14.85","-0.25","573"
"1515","力山","1,283,394","58,234,180","45.65","46.30","44.50","44.90","+0.30","947"
"1516","川飛","118,475","1,653,237","13.95","14.10","13.85","14.00","-0.10","39"
"1517","利奇","468,091","3,022,470","6.60","6.64","6.12","6.39","-0.25","220"
"1519","華城","1,041,994","23,559,411","23.05","23.30","22.05","22.15","-0.50","548"
"1521","大億","196,062","10,251,386","53.30","53.30","52.00","52.10","-1.20","133"
"1522","堤維西","773,269","14,027,795","18.45","18.60","18.00","18.00","-0.25","490"
"1524","耿鼎","667,004","5,747,642","8.50","8.78","8.37","8.59","+0.52","315"
"1525","江申","79,000","3,190,500","41.00","41.00","40.00","41.00"," 0.00","73"
"1526","日馳","480,955","7,169,770","14.95","15.20","14.55","14.60","+0.10","308"
"1527","鑽全","1,073,294","39,996,178","37.60","38.00","36.50","36.50","-1.10","802"
"1528","恩德","413,641","2,375,536","5.70","5.89","5.67","5.72","+0.02","310"
"1529","樂士","189,882","2,162,061","12.65","12.65","10.90","10.90","-1.20","99"
"1530","亞崴","46,240","1,226,012","26.45","26.60","26.20","26.45","-0.25","40"
"1531","高林股","679,869","6,634,414","10.20","10.20","9.50","9.65","-0.60","359"
"1532","勤美","535,915","12,440,753","23.00","23.85","22.90","23.00","-0.45","316"
"1533","車王電","161,200","3,859,700","23.65","25.00","23.55","23.65","+0.05","125"
"1535","中宇","140,365","3,903,687","28.20","28.25","27.60","27.70","-0.80","96"
"1536","和大","1,569,958","138,471,655","88.30","89.70","87.60","88.90","+0.80","1,078"
"1537","廣隆","338,900","43,743,000","129.50","131.00","128.00","128.00"," 0.00","325"
"1538","正峰新","115,015","335,276","2.91","3.00","2.91","2.91","-0.32","39"
"1539","巨庭","116,642","1,478,508","12.90","13.00","12.30","12.40","-0.30","77"
"1540","喬福","384,449","5,764,934","15.10","15.20","14.60","14.70","-0.45","175"
"1541","錩泰","331,089","8,776,838","28.40","28.45","25.75","25.75","-2.85","227"
"1558","伸興","378,422","44,108,083","118.00","118.50","115.50","115.50","-2.50","298"
"1560","中砂","432,360","22,025,160","51.00","51.50","50.20","51.00"," 0.00","342"
"1568","倉佑","168,900","2,203,731","13.15","13.30","12.70","12.95"," 0.00","98"
"1582","信錦","856,706","57,451,337","68.00","68.40","66.20","66.20","-1.80","789"
"1583","程泰","35,000","1,867,800","53.00","56.90","52.20","53.00"," 0.00","31"
"1587","吉茂","154,445","1,504,255","10.50","10.50","9.50","9.50","-1.05","99"
"1589","永冠-KY","395,000","19,959,700","51.70","51.70","50.20","50.20"," 0.00","238"
"1590","亞德客-KY","2,875,736","1,074,126,715","376.00","384.50","362.00","365.00","-5.00","2,595"
"1592","英瑞-KY","1,424,152","15,856,697","10.95","11.60","10.70","11.60"," 0.00","508"
"1598","岱宇","1,014,989","36,584,150","35.65","36.60","35.25","36.60"," 0.00","308"
"1603","華電","226,012","6,314,529","27.20","28.50","26.90","27.60","+0.30","124"
"1604","聲寶","1,998,167","34,498,407","17.20","17.65","16.95","17.30","+0.85","965"
"1605","華新","20,822,385","238,915,798","11.00","11.80","11.00","11.60","+0.70","6,333"
"1608","華榮","915,213","6,315,211","6.75","7.06","6.68","6.87","+0.12","368"
"1609","大亞","3,096,331","24,096,854","7.85","7.89","7.66","7.69","+0.03","1,061"
"1611","中電","1,137,250","13,329,054","11.55","11.95","11.45","11.70","+0.10","625"
"1612","宏泰","444,205","3,876,407","8.80","8.80","8.65","8.65","-0.15","197"
"1614","三洋電","121,002","3,077,000","25.65","26.20","25.20","25.25","-0.50","92"
"1615","大山","194,661","3,435,217","17.45","17.95","17.45","17.50","+0.05","100"
"1616","億泰","52,083","197,857","3.72","3.90","3.72","3.72","-0.18","38"
"1617","榮星","13,029","128,575","9.89","9.89","9.80","9.88","+0.23","15"
"1618","合機","251,345","1,642,844","6.52","6.64","6.45","6.45","-0.12","115"
"1626","艾美特-KY","254,913","5,190,933","19.80","20.75","19.80","20.10","-0.50","160"
"1701","中化","1,839,354","31,903,722","17.50","17.70","17.05","17.05","-0.35","925"
"1702","南僑","458,936","17,829,543","39.00","39.15","38.65","38.70","-0.30","389"
"1707","葡萄王","1,270,221","264,774,953","210.00","213.00","203.50","203.50","-3.50","1,118"
"1708","東鹼","359,624","7,581,829","21.40","21.40","20.90","21.00","-0.40","261"
"1709","和益","1,463,165","16,646,226","11.65","11.65","11.10","11.10","-0.25","528"
"1710","東聯","3,258,219","49,671,025","15.55","15.75","14.75","14.80","-1.00","1,654"
"1711","永光","1,853,656","22,657,102","12.70","12.75","11.85","11.90","-0.70","734"
"1712","興農","1,219,363","20,599,853","16.90","17.00","16.85","16.85"," 0.00","600"
"1713","國化","148,533","2,360,710","15.65","16.20","15.55","16.00","+0.25","162"
"1714","和桐","6,704,838","38,441,890","5.88","5.88","5.62","5.62","-0.15","1,561"
"1717","長興","1,882,452","41,945,948","22.40","22.55","21.80","22.40"," 0.00","829"
"1718","中纖","5,937,580","31,199,333","5.23","5.33","5.20","5.20","-0.01","1,871"
"1720","生達","431,134","13,016,872","30.00","30.70","30.00","30.10","+0.05","294"
"1721","三晃","456,836","4,003,679","8.78","8.88","8.72","8.76","-0.02","179"
"1722","台肥","5,810,362","241,938,802","40.95","42.25","40.95","42.00","+0.90","2,407"
"1723","中碳","1,009,326","96,210,657","97.00","97.20","94.10","94.50","-2.50","958"
"1724","台硝","74,425","790,865","10.90","10.90","10.30","10.30","-0.45","56"
"1725","元禎","42,151","541,035","12.80","13.05","12.70","12.85","-0.05","40"
"1726","永記","94,325","5,955,908","64.00","64.00","62.00","62.80","-1.20","87"
"1727","中華化","163,941","1,416,710","8.97","8.97","8.21","8.30","-0.60","94"
"1730","花仙子","596,308","32,325,736","54.00","55.00","53.00","53.10","-0.90","483"
"1731","美吾華","714,014","8,548,011","11.90","12.10","11.85","11.90","+0.10","341"
"1732","毛寶","5,184,533","137,317,558","26.75","26.95","25.30","26.95","+2.45","2,508"
"1733","五鼎","568,645","11,157,242","20.00","20.00","19.15","19.20","-0.70","437"
"1734","杏輝","932,988","14,966,471","16.50","16.60","15.60","15.60","-0.65","644"
"1735","日勝化","66,000","1,074,550","16.10","16.40","16.00","16.00","-0.25","27"
"1736","喬山","1,309,284","61,639,464","47.50","48.20","45.70","45.70","-1.45","934"
"1737","臺鹽","402,725","11,502,650","28.60","28.75","28.40","28.40","-0.20","275"
"1760","寶齡富錦","901,154","52,234,889","61.00","61.00","55.10","55.30","-4.10","788"
"1762","中化生","1,910,910","57,915,265","31.20","31.30","29.10","29.10","-1.55","1,298"
"1773","勝一","300,158","25,445,345","86.30","86.30","84.00","84.00","-0.80","260"
"1776","展宇","109,000","1,861,450","17.00","17.25","16.60","17.00","-0.10","39"
"1783","和康生","324,000","4,918,950","15.60","15.60","14.20","14.20","-1.30","175"
"1786","科妍","466,111","19,243,962","41.15","42.20","40.75","42.00","+1.00","345"
"1789","神隆","6,868,509","177,666,601","27.00","27.00","24.90","25.60","-0.25","3,501"
"1795","美時","6,731,760","364,521,280","58.90","58.90","53.00","53.00","-5.80","4,646"
"1802","台玻","4,152,999","30,142,392","7.41","7.50","7.05","7.06","-0.35","1,774"
"1805","寶徠","18,500","150,160","8.40","8.40","7.60","8.30","-0.12","15"
"1806","冠軍","405,258","1,807,030","4.50","4.57","4.35","4.45","-0.05","166"
"1808","潤隆","646,560","29,195,799","46.30","46.50","44.55","44.55","-1.75","397"
"1809","中釉","810,180","5,757,325","7.17","7.21","7.01","7.01","-0.14","374"
"1810","和成","442,150","2,656,548","6.08","6.09","5.93","5.96","-0.12","205"
"1817","凱撒衛","211,968","5,646,836","27.30","27.35","26.10","26.10","-1.05","159"
"1902","台紙","1,151,782","23,107,672","20.10","20.15","20.05","20.05","-0.05","383"
"1903","士紙","84,087","2,180,964","26.45","27.00","25.45","27.00","+0.55","78"
"1904","正隆","7,072,938","141,175,176","20.45","20.65","19.45","19.45","-0.90","3,638"
"1905","華紙","1,820,535","12,244,598","6.75","6.79","6.60","6.65","-0.11","628"
"1906","寶隆","459,500","5,091,350","11.30","11.40","10.70","10.75","-0.55","254"
"1907","永豐餘","4,937,085","53,572,658","11.05","11.25","10.70","10.80","-0.10","1,818"
"1909","榮成","15,842,821","195,447,302","12.75","13.00","11.80","11.85","-0.90","6,032"
"2002","中鋼","35,354,413","686,222,119","19.50","19.65","19.25","19.30","-0.20","13,030"
"2002A","中鋼特","101,115","5,028,624","50.00","50.00","49.55","49.60","-0.40","70"
"2006","東和鋼鐵","2,439,557","52,839,759","21.95","21.95","21.30","21.30","-0.60","1,290"
"2007","燁興","197,037","687,734","3.49","3.65","3.41","3.50","+0.06","97"
"2008","高興昌","150,032","1,829,237","12.20","12.25","12.15","12.15"," 0.00","57"
"2009","第一銅","359,000","2,151,990","6.00","6.15","5.90","5.94","-0.04","154"
"2010","春源","607,409","5,387,877","9.00","9.05","8.66","8.83","-0.02","303"
"2012","春雨","87,406","1,490,931","16.70","17.40","16.65","17.30","+0.05","63"
"2013","中鋼構","473,408","8,831,207","18.85","18.95","18.35","18.35","-0.55","281"
"2014","中鴻","6,260,739","38,717,961","6.30","6.31","6.00","6.00","-0.21","2,077"
"2015","豐興","1,244,206","59,284,841","48.55","48.55","47.20","47.50","-1.05","692"
"2017","官田鋼","1,721,402","10,648,215","6.00","6.28","6.00","6.07","+0.07","299"
"2020","美亞","397,160","5,763,753","14.50","14.65","14.35","14.45","+0.05","168"
"2022","聚亨","840,328","3,062,863","3.63","3.70","3.60","3.62","-0.04","293"
"2023","燁輝","3,536,165","28,532,340","8.01","8.18","7.99","8.04"," 0.00","1,224"
"2024","志聯","339,043","4,198,880","12.15","12.55","12.15","12.30"," 0.00","95"
"2025","千興","258,500","379,123","1.49","1.50","1.35","1.40","-0.06","45"
"2027","大成鋼","6,036,008","164,799,848","27.45","27.70","26.85","26.85","-0.60","2,665"
"2028","威致","303,887","2,789,229","9.15","9.27","8.76","9.23","+0.03","73"
"2029","盛餘","317,249","5,024,508","15.80","16.00","15.60","15.60","-0.70","178"
"2030","彰源","399,662","3,775,524","9.45","9.53","9.39","9.48","+0.05","241"
"2031","新光鋼","3,476,868","69,542,278","20.90","21.10","18.90","19.00","-1.90","1,607"
"2032","新鋼","161,604","1,161,234","7.20","7.34","7.09","7.14","-0.23","59"
"2033","佳大","103,000","780,880","7.62","7.69","7.54","7.54","-0.09","34"
"2034","允強","968,860","22,126,771","23.00","23.10","22.60","22.60","-0.35","499"
"2038","海光","318,000","1,645,870","5.01","5.28","5.01","5.13","-0.06","123"
"2049","上銀","4,195,409","859,169,800","212.00","212.50","199.00","199.00","-8.00","3,404"
"2059","川湖","396,045","120,176,815","304.00","310.00","295.50","306.00","+11.00","344"
"2062","橋椿","408,500","6,309,425","15.90","15.95","14.50","15.05","-0.65","206"
"2069","運錩","354,950","4,288,361","12.35","12.70","11.30","11.50","-1.05","229"
"2101","南港","5,297,099","214,550,669","39.60","41.50","39.55","40.65","+1.10","2,114"
"2102","泰豐","2,702,805","25,371,851","9.27","9.84","9.20","9.78","+0.56","810"
"2103","台橡","1,919,776","29,911,428","15.85","16.05","15.05","15.05","-0.80","1,181"
"2104","國際中橡","3,670,590","78,404,189","21.60","21.70","21.15","21.15","-0.05","1,981"
"2105","正新","14,962,742","493,823,736","33.00","33.20","32.85","33.00"," 0.00","4,318"
"2106","建大","1,125,259","30,555,514","27.10","27.35","27.05","27.25"," 0.00","570"
"2107","厚生","1,772,916","25,102,641","14.45","14.50","13.90","14.10","-0.35","894"
"2108","南帝","628,664","15,485,859","24.60","25.10","24.35","24.55","+0.15","428"
"2109","華豐","549,886","6,024,407","11.20","11.20","10.80","10.90","-0.10","160"
"2114","鑫永銓","202,007","14,186,590","72.90","74.50","68.80","68.80","-1.70","169"
"2115","六暉-KY","55,598","1,905,471","34.60","34.60","34.10","34.15","-0.45","45"
"2201","裕隆","3,648,029","59,937,204","16.70","16.80","16.05","16.10","-0.30","1,621"
"2204","中華","913,252","25,186,722","28.10","28.30","27.25","27.30","-0.70","531"
"2206","三陽工業","2,365,056","47,098,547","19.95","20.05","19.70","19.95","-0.05","667"
"2207","和泰車","1,416,742","556,158,508","403.50","415.00","372.50","372.50","-30.00","1,371"
"2208","台船","1,226,283","21,053,661","17.45","17.45","17.00","17.00"," 0.00","643"
"2227","裕日車","126,201","26,613,215","214.50","214.50","209.00","209.50","-5.00","116"
"2228","劍麟","500,060","33,992,740","68.40","69.50","66.50","66.50","-1.70","431"
"2231","為升","3,313,482","362,288,847","117.00","118.00","105.50","105.50","-11.50","2,466"
"2233","宇隆","346,657","16,579,830","48.15","49.00","47.25","47.35","-0.55","292"
"2236","百達-KY","7,000","107,200","15.30","15.80","15.05","15.05","-0.25","7"
"2239","英利-KY","101,178","5,120,756","51.80","51.80","49.45","49.95","-1.25","87"
"2243","宏旭-KY","25,000","236,760","9.50","9.56","9.32","9.32","-0.22","15"
"2301","光寶科","11,767,747","464,627,683","39.80","40.15","39.10","39.10","-0.30","5,797"
"2302","麗正","159,004","796,281","5.04","5.05","4.97","4.98","+0.06","79"
"2303","聯電","90,628,139","1,253,166,496","13.80","14.00","13.75","13.80","+0.05","11,308"
"2305","全友","532,212","2,114,484","3.99","4.07","3.87","3.87","-0.05","213"
"2308","台達電","7,516,116","873,072,456","116.00","119.00","115.00","115.00","-0.50","4,962"
"2312","金寶","4,981,427","49,611,869","10.15","10.30","9.70","9.70","-0.30","1,434"
"2313","華通","34,696,866","951,035,672","28.25","28.50","26.10","26.10","-1.60","13,731"
"2314","台揚","1,638,542","22,955,092","14.20","14.40","13.40","13.40","-0.75","787"
"2316","楠梓電","3,998,619","98,148,835","24.80","25.15","23.70","23.70","-0.35","2,074"
"2317","鴻海","76,268,240","5,378,721,353","70.70","71.30","70.00","70.00","-0.60","30,314"
"2321","東訊","151","188","0.00","0.00","0.00","0.00"," 0.00","3"
"2323","中環","17,112,877","114,492,475","6.79","6.89","6.48","6.58","-0.08","4,206"
"2324","仁寶","24,219,785","398,878,966","16.40","16.60","16.30","16.50"," 0.00","6,791"
"2327","國巨","27,465,524","7,296,200,644","273.00","275.00","250.00","254.50","-10.50","19,059"
"2328","廣宇","2,275,221","36,217,770","16.00","16.10","15.75","15.95","+0.15","1,167"
"2329","華泰","4,031,031","36,503,660","9.00","9.23","8.90","8.90"," 0.00","1,607"
"2330","台積電","118,620,643","31,555,231,792","269.50","272.50","260.00","260.00","-8.00","53,985"
"2331","精英","1,216,022","10,157,869","8.42","8.45","8.30","8.30","-0.29","524"
"2332","友訊","5,324,846","48,537,444","9.30","9.33","8.95","8.97","-0.20","2,003"
"2337","旺宏","57,693,817","1,469,948,875","26.15","26.30","24.50","24.50","-0.85","20,112"
"2338","光罩","7,186,959","170,992,498","24.30","24.50","22.70","22.70","-0.90","3,593"
"2340","光磊","2,974,535","47,191,882","16.40","16.45","15.50","15.55","-0.50","1,444"
"2342","茂矽","8,665,494","196,081,182","24.20","24.20","21.05","21.05","-2.30","4,651"
"2344","華邦電","38,512,699","448,586,151","11.80","11.90","11.25","11.25","-0.25","10,318"
"2345","智邦","9,022,798","1,526,143,170","171.50","172.50","165.00","165.50","-3.00","5,920"
"2347","聯強","9,600,059","336,446,884","34.70","35.45","34.45","34.45","-0.15","3,956"
"2348","海悅","497,341","22,766,853","45.50","46.65","45.00","46.50","+1.20","358"
"2349","錸德","4,408,335","17,249,586","3.88","4.00","3.82","3.82","-0.05","1,217"
"2351","順德","753,100","29,966,930","41.00","41.50","38.40","38.90","-2.10","528"
"2352","佳世達","7,202,151","110,498,715","15.60","15.65","14.95","14.95","-0.35","3,300"
"2353","宏碁","16,568,603","223,969,477","13.50","13.65","13.40","13.50","+0.05","5,067"
"2354","鴻準","5,265,550","264,382,846","50.60","50.90","49.95","50.00","-1.00","3,121"
"2355","敬鵬","1,177,519","25,715,208","22.00","22.20","21.50","21.60","-0.35","777"
"2356","英業達","9,058,383","180,606,259","19.90","20.20","19.60","19.90"," 0.00","3,362"
"2357","華碩","3,354,908","619,861,421","185.00","187.00","183.00","186.00","+1.00","2,380"
"2358","廷鑫","577,000","5,934,630","10.45","10.75","9.95","10.35","-0.15","246"
"2359","所羅門","694,617","10,749,955","15.55","15.80","15.10","15.10","-0.45","404"
"2360","致茂","3,469,258","382,723,944","115.00","115.00","107.00","107.00","-0.50","2,594"
"2362","藍天","728,547","19,754,663","27.20","27.40","26.75","27.10","-0.10","441"
"2363","矽統","2,970,192","17,125,057","5.90","5.96","5.54","5.60","-0.20","1,166"
"2364","倫飛","168,123","263,562","1.58","1.60","1.53","1.55","+0.09","236"
"2365","昆盈","1,164,612","6,648,137","5.51","5.85","5.50","5.80","+0.35","365"
"2367","燿華","11,925,889","210,806,134","17.90","18.10","17.10","17.10","-0.30","4,515"
"2368","金像電","126,738,996","2,501,663,661","20.60","20.90","18.55","19.10","-0.95","37,172"
"2369","菱生","2,451,824","19,825,407","8.40","8.40","7.81","7.81","-0.25","1,030"
"2371","大同","9,223,956","170,482,090","18.35","19.05","18.00","18.15","-0.40","3,793"
"2373","震旦行","183,327","14,885,087","83.30","83.80","78.20","82.30","-1.00","154"
"2374","佳能","611,373","6,496,509","10.50","10.95","10.20","10.25","-0.70","319"
"2375","凱美","2,379,630","68,685,405","29.25","29.60","28.05","28.05","-0.55","1,549"
"2376","技嘉","8,594,020","357,803,550","43.00","43.45","40.00","40.00","-2.60","4,943"
"2377","微星","4,888,748","370,826,122","77.40","78.00","73.20","73.20","-4.30","3,219"
"2379","瑞昱","5,435,308","995,527,440","182.50","187.00","179.50","180.00","-4.50","3,937"
"2380","虹光","147,683","495,100","3.40","3.42","3.31","3.41","-0.01","85"
"2382","廣達","12,345,681","686,311,678","55.40","56.30","55.00","55.00","-1.20","6,079"
"2383","台光電","5,210,896","537,576,556","101.50","105.50","100.00","100.00","-1.00","3,359"
"2385","群光","3,330,042","253,522,791","76.00","76.90","75.80","76.00","-0.90","1,968"
"2387","精元","3,542,657","88,312,850","25.40","26.00","24.05","24.20","-1.20","1,596"
"2388","威盛","1,000,463","19,681,769","20.20","20.55","18.80","18.80","-0.95","575"
"2390","云辰","5,057,100","33,382,309","5.87","6.72","5.87","6.72","+0.61","1,428"
"2392","正崴","2,891,806","77,291,152","27.10","27.35","26.00","26.00","-0.90","1,525"
"2393","億光","3,566,380","86,940,036","24.70","25.15","23.50","23.50","-1.20","2,069"
"2395","研華","2,262,074","553,208,863","235.00","250.00","235.00","241.50","+4.00","1,806"
"2397","友通","389,760","23,991,119","63.40","63.80","59.70","59.70","-4.40","296"
"2399","映泰","8,478,000","62,888,320","6.90","7.60","6.90","7.50","+0.06","927"
"2401","凌陽","1,440,216","12,040,108","8.46","8.56","8.18","8.24","-0.12","755"
"2402","毅嘉","1,399,993","14,550,513","10.15","10.55","10.10","10.55","+0.40","686"
"2404","漢唐","2,031,207","299,516,015","150.00","151.00","145.00","145.00","-2.00","1,571"
"2405","浩鑫","1,885,000","12,579,090","6.46","6.75","6.46","6.75","+0.25","703"
"2406","國碩","1,507,524","13,378,370","9.00","9.30","8.65","8.69","-0.11","716"
"2408","南亞科","21,734,141","1,144,418,607","55.50","55.90","50.20","50.20","-3.90","11,722"
"2409","友達","112,842,850","822,144,252","7.36","7.41","7.10","7.10","-0.15","20,698"
"2412","中華電","17,985,225","1,907,565,380","107.00","107.00","105.00","106.50","-0.50","6,317"
"2413","環科","306,671","2,774,488","9.30","9.30","8.89","8.89","-0.11","177"
"2414","精技","567,520","11,535,152","20.45","20.55","20.15","20.15","-0.20","231"
"2415","錩新","561,229","6,576,664","12.00","12.10","11.20","11.20","-1.20","240"
"2417","圓剛","3,156,309","30,139,413","9.94","9.94","9.01","9.09","-0.45","1,498"
"2419","仲琦","1,428,832","24,531,644","17.30","17.60","16.30","16.30","-1.30","748"
"2420","新巨","626,180","18,028,625","29.15","29.20","28.60","28.60","-0.55","442"
"2421","建準","2,539,402","84,000,516","33.50","33.70","32.25","32.55","-0.45","1,718"
"2423","固緯","484,050","10,074,325","20.80","21.50","20.20","20.20","-0.90","336"
"2424","隴華","3,000","63,000","21.00","21.00","21.00","21.00","X0.00","3"
"2425","承啟","681,236","17,246,123","24.70","25.90","24.65","25.30","+0.65","449"
"2426","鼎元","1,201,106","11,175,621","9.50","9.50","9.00","9.00","-0.36","704"
"2427","三商電","515,207","4,717,341","9.40","9.40","9.09","9.33","-0.17","128"
"2428","興勤","402,305","27,001,494","68.20","68.20","65.80","65.80","-1.50","340"
"2429","銘旺科","252,000","4,439,350","17.65","18.05","17.00","17.00","-0.50","140"
"2430","燦坤","238,380","3,143,096","13.25","13.35","13.05","13.15","-0.10","139"
"2431","聯昌","497,000","3,088,920","6.15","6.48","6.00","6.16","+0.20","203"
"2433","互盛電","257,500","11,847,425","45.70","46.35","45.40","46.10","+0.30","180"
"2434","統懋","122,000","749,960","6.21","6.21","5.70","5.70","-0.51","26"
"2436","偉詮電","3,014,573","67,099,410","22.05","22.70","21.65","21.80","-0.10","1,967"
"2438","翔耀","137,000","797,650","5.88","5.90","5.40","5.40","-0.48","24"
"2439","美律","3,825,035","485,511,404","126.00","128.50","124.50","126.50","+0.50","3,056"
"2440","太空梭","17,850","122,276","6.83","7.00","6.83","7.00","+0.13","16"
"2441","超豐","1,205,175","46,301,650","39.20","39.95","37.95","38.50","-0.40","835"
"2442","新美齊","1,353,076","8,245,352","6.19","6.38","5.85","5.85","-0.29","639"
"2443","億麗","163,832","433,053","2.60","2.73","2.60","2.61","+0.01","92"
"2444","兆勁","1,867,768","27,369,157","15.25","15.25","13.65","14.70","-0.35","282"
"2448","晶電","26,363,728","724,882,981","28.30","28.45","26.50","26.55","-1.00","10,342"
"2449","京元電子","15,930,452","493,760,351","30.20","31.75","30.20","30.90","+0.90","8,131"
"2450","神腦","342,202","9,053,998","27.00","27.00","26.00","27.00"," 0.00","230"
"2451","創見","1,442,627","98,179,903","68.10","68.70","67.80","67.80"," 0.00","963"
"2453","凌群","360,999","4,397,788","12.35","12.35","12.00","12.00","-0.20","223"
"2454","聯發科","14,131,612","4,441,650,824","315.50","321.50","301.50","301.50","-14.00","9,639"
"2455","全新","3,222,612","227,169,115","73.10","73.50","67.50","67.50","-3.50","2,173"
"2456","奇力新","7,345,013","578,551,240","80.50","81.40","74.50","74.50","-4.40","5,324"
"2457","飛宏","947,849","5,345,625","5.66","5.80","5.51","5.59","-0.09","403"
"2458","義隆","6,128,765","461,463,154","75.50","76.40","73.70","73.70"," 0.00","4,366"
"2459","敦吉","328,262","11,708,654","36.80","36.80","35.20","35.20","-0.75","262"
"2460","建通","120,000","861,470","7.17","7.48","7.08","7.21","-0.01","66"
"2461","光群雷","2,009,081","25,685,774","12.85","13.20","12.45","12.45","-0.45","761"
"2462","良得電","159,595","3,800,609","25.50","25.50","23.30","23.80","-0.90","89"
"2464","盟立","806,816","23,110,974","28.70","29.40","28.30","28.30","-0.40","521"
"2465","麗臺","115,516","704,814","6.05","6.20","6.04","6.05"," 0.00","84"
"2466","冠西電","69,000","2,206,750","32.20","32.25","31.60","32.20","-0.05","62"
"2467","志聖","924,081","23,053,993","25.25","25.45","24.80","24.80","-0.20","582"
"2468","華經","156,000","1,935,100","12.45","12.55","12.25","12.35","-0.10","74"
"2471","資通","262,110","4,428,981","16.75","17.05","16.60","16.60","-0.30","131"
"2472","立隆電","395,450","10,660,981","27.65","27.70","26.05","26.05","-1.25","300"
"2474","可成","6,523,718","1,266,158,856","197.50","198.00","190.00","192.00","+3.50","4,051"
"2476","鉅祥","377,400","6,763,329","17.55","18.10","17.30","17.80","+0.25","225"
"2477","美隆電","345,673","6,054,108","17.75","17.80","17.00","17.25","-0.50","199"
"2478","大毅","10,591,923","568,754,900","55.60","56.10","50.00","51.50","-2.70","6,788"
"2480","敦陽科","1,770,118","94,072,895","54.00","54.40","52.50","52.60","-1.40","1,154"
"2481","強茂","5,235,953","82,985,270","16.35","16.55","15.00","15.20","-0.95","3,087"
"2482","連宇","181,111","1,827,965","10.10","10.20","9.95","10.05","+0.08","87"
"2483","百容","153,000","2,439,250","16.00","16.15","15.80","15.80","-0.20","85"
"2484","希華","1,203,033","18,714,170","15.85","16.10","15.00","15.00","-0.85","694"
"2485","兆赫","1,561,407","19,652,145","12.55","12.85","12.35","12.45","-0.15","851"
"2486","一詮","637,562","3,494,299","5.60","5.60","5.34","5.35","-0.19","222"
"2488","漢平","326,000","8,341,547","25.65","26.05","25.05","25.05","-0.55","232"
"2489","瑞軒","1,879,389","12,620,900","6.71","6.77","6.65","6.66","-0.05","781"
"2491","吉祥全","86,004","597,486","7.49","7.49","6.68","6.90","-0.52","35"
"2492","華新科","17,222,330","2,586,662,850","153.50","154.50","144.00","144.50","-5.50","11,256"
"2493","揚博","651,101","15,503,138","24.00","24.25","23.60","23.65","-0.50","393"
"2495","普安","551,700","5,965,800","10.90","10.90","10.65","10.70"," 0.00","160"
"2496","卓越","24,000","1,278,700","53.50","54.50","52.00","52.00","-1.60","20"
"2497","怡利電","151,300","2,092,490","14.05","14.05","13.70","13.80","-0.05","86"
"2498","宏達電","10,899,571","303,059,543","27.55","28.95","26.95","26.95"," 0.00","5,761"
"2499","東貝","3,742,346","24,490,535","6.70","6.80","6.20","6.23","-0.44","1,188"
"2501","國建","1,355,958","22,934,888","17.05","17.10","16.75","16.75","-0.35","976"
"2504","國產","18,810,871","196,581,083","10.50","10.85","10.10","10.10","+0.19","6,143"
"2505","國揚","1,912,244","25,153,422","13.25","13.50","13.00","13.15","-0.45","633"
"2506","太設","231,478","2,142,328","9.33","9.40","9.03","9.30","-0.14","162"
"2509","全坤建","141,260","2,761,106","18.95","19.90","18.95","19.80","-0.10","123"
"2511","太子","1,839,072","16,689,530","9.20","9.21","9.00","9.01","-0.19","708"
"2514","龍邦","3,395,125","40,847,479","12.30","12.35","11.70","12.35","+0.10","645"
"2515","中工","6,476,432","36,284,089","5.65","5.69","5.55","5.55","-0.10","1,489"
"2516","新建","1,543,331","6,317,978","4.12","4.20","3.72","3.72","-0.40","152"
"2520","冠德","2,441,488","48,529,753","20.40","20.50","19.30","19.55","-0.85","1,091"
"2524","京城","704,289","20,632,678","28.70","31.15","28.05","28.05","-1.45","488"
"2527","宏璟","346,000","5,854,200","17.30","17.35","16.60","16.70","-0.45","213"
"2528","皇普","397,643","6,820,766","17.60","17.65","16.85","17.00","-0.65","175"
"2530","華建","413,371","6,653,071","15.85","16.20","15.80","16.15","-0.05","101"
"2534","宏盛","2,428,691","36,984,533","15.50","15.70","14.75","14.75","-0.75","999"
"2535","達欣工","2,476,750","48,136,992","19.55","19.75","19.15","19.15","-0.25","1,073"
"2536","宏普","833,003","16,817,010","20.35","20.55","20.00","20.00","-0.15","308"
"2537","聯上發","2,246,012","14,529,273","6.50","6.70","6.33","6.36","-0.05","864"
"2538","基泰","1,062,491","9,385,224","8.89","8.94","8.75","8.75","-0.16","404"
"2539","櫻花建","453,494","13,548,193","29.30","30.40","29.10","30.25","+1.00","268"
"2540","愛山林","34,000","655,500","19.30","19.95","18.80","19.00","+0.10","23"
"2542","興富發","5,075,638","187,835,446","38.00","38.00","36.30","36.45","-1.55","3,535"
"2543","皇昌","37,005","252,381","6.86","6.92","6.50","6.92","+0.62","31"
"2545","皇翔","776,400","20,215,729","27.75","27.75","25.15","25.70","-1.65","441"
"2546","根基","192,301","6,578,771","34.45","35.45","33.75","33.85","-0.25","164"
"2547","日勝生","1,525,449","11,993,936","7.83","7.99","7.70","7.78","-0.03","729"
"2548","華固","3,870,056","324,412,776","86.50","86.50","82.00","82.80","-4.10","2,754"
"2597","潤弘","114,001","6,068,052","55.00","55.00","50.30","52.10","-1.90","96"
"2601","益航","2,503,976","18,936,874","7.52","7.70","7.46","7.57","-0.01","733"
"2603","長榮","22,510,059","216,855,169","9.46","9.98","9.38","9.50","+0.08","7,116"
"2605","新興","2,046,100","21,564,540","10.40","10.65","10.40","10.50","+0.05","899"
"2606","裕民","2,598,973","65,788,011","25.60","25.85","24.90","24.90","-0.10","1,433"
"2607","榮運","1,423,209","16,841,578","11.95","11.95","11.70","11.70","-0.25","360"
"2608","嘉里大榮","464,605","15,655,077","34.00","34.00","33.40","33.60","-0.40","339"
"2609","陽明","4,002,828","20,114,073","4.89","5.20","4.89","4.96","+0.01","1,145"
"2610","華航","37,949,187","232,961,710","6.50","6.53","5.95","6.00","-0.49","10,010"
"2611","志信","79,713","496,462","6.11","6.40","6.11","6.22","-0.01","49"
"2612","中航","358,341","7,385,384","20.75","21.00","20.10","20.35","-0.25","243"
"2613","中櫃","203,188","2,218,339","10.65","11.05","10.65","11.05"," 0.00","100"
"2614","東森","3,073,586","32,019,389","10.50","10.70","10.20","10.20","-0.10","1,323"
"2615","萬海","4,432,155","58,871,363","13.60","13.65","13.00","13.15","-0.25","1,759"
"2616","山隆","382,966","10,442,421","27.20","27.80","27.10","27.10","+0.05","230"
"2617","台航","680,149","8,989,837","13.05","13.45","13.00","13.00","+0.15","345"
"2618","長榮航","53,769,826","470,938,611","9.40","9.40","8.51","8.55","-0.90","16,459"
"2630","亞航","118,000","1,359,350","11.65","12.00","11.25","11.25","-0.95","62"
"2633","台灣高鐵","14,398,503","401,925,284","27.50","28.40","27.40","27.80","-0.60","6,208"
"2634","漢翔","2,867,034","76,814,005","26.95","27.10","26.60","26.80","-0.15","1,436"
"2636","台驊投控","319,928","6,083,432","19.00","19.45","18.80","18.85","-0.15","204"
"2637","慧洋-KY","3,082,848","67,714,547","22.60","22.85","21.35","21.55","-1.10","1,261"
"2642","宅配通","653,150","15,991,550","24.15","25.00","24.15","24.25","+0.10","400"
"2701","萬企","211,297","2,308,576","11.10","11.10","10.70","10.95","-0.25","158"
"2702","華園","615,896","6,757,868","11.65","11.85","10.35","10.45","-1.05","327"
"2704","國賓","338,023","7,738,222","23.10","23.50","22.20","22.80","-0.30","224"
"2705","六福","398,838","3,836,384","9.74","9.74","9.50","9.68","+0.02","220"
"2706","第一店","315,894","3,918,623","12.70","12.70","12.20","12.50","-0.20","173"
"2707","晶華","906,212","102,645,456","120.00","120.00","110.00","110.50","-9.50","695"
"2712","遠雄來","32,000","977,450","30.15","32.50","30.05","30.05","-3.30","24"
"2722","夏都","524,000","10,993,000","19.80","21.00","19.80","20.50","+0.75","25"
"2723","美食-KY","1,648,483","106,482,568","65.10","66.60","62.40","62.40","-1.70","1,271"
"2727","王品","636,848","35,804,288","57.30","58.90","54.50","54.60","-2.70","1,346"
"2731","雄獅","595,041","30,966,037","55.20","55.20","51.10","51.20","-5.50","497"
"2739","寒舍","97,099","1,950,478","20.45","20.50","19.40","20.50","+0.05","60"
"2748","雲品","108,714","4,028,407","37.15","37.45","36.85","36.85","-0.95","98"
"2801","彰銀","19,575,145","377,671,428","19.30","19.55","18.90","19.50","+0.05","7,218"
"2809","京城銀","8,522,632","245,587,381","29.20","29.45","28.30","28.45","-0.75","3,281"
"2812","台中銀","17,258,291","175,784,353","10.30","10.35","10.05","10.05","-0.20","5,631"
"2816","旺旺保","314,532","5,368,633","17.20","17.50","16.80","16.80","-0.35","169"
"2820","華票","1,904,731","26,458,526","13.85","13.95","13.85","13.85","-0.10","707"
"2823","中壽","33,638,654","538,043,748","16.10","16.30","15.65","15.85","-0.25","10,072"
"2832","台產","684,680","12,353,370","18.30","18.30","17.85","18.05","-0.25","359"
"2834","臺企銀","47,298,175","453,944,596","9.74","9.75","9.44","9.48","-0.25","15,128"
"2836","高雄銀","1,357,824","11,777,786","8.73","8.73","8.64","8.66","-0.06","565"
"2838","聯邦銀","2,701,544","26,021,961","9.68","9.78","9.55","9.55","-0.13","1,205"
"2838A","聯邦銀甲特","312,250","16,160,974","51.60","52.10","51.40","51.50"," 0.00","178"
"2841","台開","7,617,709","40,706,147","5.42","5.54","5.17","5.17","-0.13","1,558"
"2845","遠東銀","8,035,305","77,564,597","9.90","9.90","9.50","9.51","-0.21","3,077"
"2849","安泰銀","416,316","5,256,516","12.65","12.80","12.50","12.50","-0.40","274"
"2850","新產","509,300","16,360,050","32.30","32.85","31.70","31.75","-0.45","324"
"2851","中再保","508,786","8,428,396","16.65","16.75","16.50","16.55","-0.10","286"
"2852","第一保","254,243","2,910,354","11.55","11.65","11.35","11.45","-0.10","132"
"2855","統一證","1,611,274","18,104,098","11.25","11.40","11.10","11.20","-0.10","679"
"2867","三商壽","6,961,102","60,254,908","8.85","8.87","8.45","8.45","-0.37","2,553"
"2880","華南金","41,933,266","734,063,048","17.85","17.85","17.30","17.50","-0.35","13,382"
"2881","富邦金","30,545,208","1,130,248,607","37.40","37.55","36.70","36.85","-0.50","11,557"
"2881A","富邦特","686,045","42,966,044","62.50","62.90","62.40","62.50","-0.30","883"
"2881B","富邦金乙特","589,577","36,749,637","61.50","62.60","61.50","62.00","+0.60","208"
"2882","國泰金","36,276,918","1,263,780,681","35.05","35.15","34.55","34.65","-0.35","13,239"
"2882A","國泰特","993,727","61,277,385","61.60","61.90","61.40","61.60","-0.20","303"
"2882B","國泰金乙特","623,812","38,646,013","61.40","62.10","61.40","62.00","+0.60","135"
"2883","開發金","59,718,807","451,452,491","7.61","7.65","7.50","7.50","-0.10","9,449"
"2884","玉山金","162,751,115","3,693,666,592","22.80","23.25","22.20","22.20","-1.35","50,725"
"2885","元大金","39,140,446","606,092,853","15.40","15.80","15.10","15.55","-0.05","8,698"
"2886","兆豐金","47,149,691","1,320,506,700","27.60","28.45","27.60","28.00"," 0.00","15,541"
"2887","台新金","65,105,656","756,835,985","11.95","12.00","11.30","11.40","-0.55","17,702"
"2887E","台新戊特","239,623","12,669,307","52.80","53.30","52.50","52.70","-0.10","134"
"2887F","台新戊特二","313,874","16,321,374","51.00","52.50","51.00","51.50","+0.30","145"
"2888","新光金","83,729,521","636,558,316","7.79","7.80","7.46","7.46","-0.25","13,562"
"2888A","新光金甲特","440,131","19,277,694","43.50","44.35","42.85","43.55","+0.10","155"
"2889","國票金","7,581,168","72,009,703","9.62","9.62","9.40","9.62","-0.03","2,842"
"2890","永豐金","40,651,026","412,566,194","10.20","10.30","10.00","10.10","-0.20","8,640"
"2891","中信金","90,387,788","1,632,454,892","18.25","18.30","17.90","17.95","-0.40","27,274"
"2891B","中信金乙特","237,271","15,451,936","64.50","65.50","64.50","65.50"," 0.00","116"
"2891C","中信金丙特","360,948","22,219,614","61.00","62.10","60.80","61.50","+0.50","210"
"2892","第一金","66,975,750","1,281,324,911","19.40","19.45","19.00","19.05","-0.40","21,149"
"2897","王道銀行","2,725,285","16,171,058","6.17","6.17","5.82","5.95","-0.18","870"
"2897A","王道銀甲特","223,500","2,189,165","9.80","9.86","9.70","9.80"," 0.00","71"
"2901","欣欣","36,000","815,750","23.00","23.00","22.15","22.80","-0.20","33"
"2903","遠百","2,835,704","59,795,418","21.10","21.20","21.00","21.15"," 0.00","895"
"2904","匯僑","123,412","2,283,557","18.55","18.55","18.40","18.50"," 0.00","80"
"2905","三商","1,657,660","26,045,592","16.00","16.05","15.50","15.50","-0.55","844"
"2906","高林","135,221","1,327,905","9.90","9.99","9.70","9.85","-0.01","82"
"2908","特力","435,691","8,060,613","18.80","19.10","18.30","18.50","-0.35","230"
"2910","統領","27,000","817,300","28.60","31.45","28.60","31.20","+2.60","26"
"2911","麗嬰房","321,240","1,893,830","5.92","6.08","5.61","5.86","-0.06","163"
"2912","統一超","3,064,088","874,885,411","285.00","290.00","281.00","283.50","-3.00","2,271"
"2913","農林","2,029,213","25,396,736","12.55","12.70","12.30","12.35","-0.50","706"
"2915","潤泰全","4,375,726","284,619,982","63.30","66.30","63.30","64.40","+1.10","2,824"
"2923","鼎固-KY","174,000","3,691,450","20.50","22.45","20.50","22.30","+1.20","135"
"2929","淘帝-KY","1,154,530","62,036,424","56.10","56.70","50.70","50.70","-5.10","923"
"2936","客思達-KY","43,000","557,150","13.05","13.30","12.65","12.65","-1.20","37"
"2939","凱羿-KY","132,150","11,982,674","88.90","93.50","87.50","89.10","+0.20","124"
"3002","歐格","338,148","2,869,888","8.42","8.70","8.30","8.60","-0.23","145"
"3003","健和興","490,225","15,418,330","32.65","32.65","30.90","31.00","-1.00","350"
"3004","豐達科","431,100","21,507,850","50.70","51.70","48.00","48.00","-2.20","437"
"3005","神基","3,060,184","132,539,934","43.55","44.75","42.50","42.50","-0.90","1,937"
"3006","晶豪科","2,246,928","61,721,219","28.00","28.50","26.65","26.70","-0.80","1,363"
"3008","大立光","1,188,034","4,403,957,570","3,760.00","3,815.00","3,600.00","3,600.00","-135.00","1,567"
"3010","華立","413,551","19,165,976","46.40","47.30","45.80","45.85","-0.85","333"
"3011","今皓","140,099","583,756","4.07","4.23","4.07","4.18","+0.05","55"
"3013","晟銘電","346,657","3,870,958","11.15","11.35","11.00","11.25","-0.10","189"
"3014","聯陽","3,532,299","135,466,461","39.40","39.60","37.20","37.20","-1.65","2,254"
"3015","全漢","299,225","4,873,156","16.50","16.50","16.05","16.10","-0.25","177"
"3016","嘉晶","23,454,318","1,240,136,173","53.00","54.70","49.80","50.90","-1.10","14,629"
"3017","奇鋐","12,997,586","364,781,555","28.00","29.20","27.50","27.50","+0.50","6,658"
"3018","同開","482,655","7,718,437","16.15","16.50","15.50","15.65","-0.25","280"
"3019","亞光","3,515,047","211,560,444","61.30","62.20","58.00","58.10","-2.10","2,488"
"3021","鴻名","163,135","1,967,629","12.15","12.45","11.75","11.75","-0.60","87"
"3022","威強電","1,294,695","39,321,259","30.15","31.85","29.50","30.80","-0.75","769"
"3023","信邦","2,928,949","299,880,256","102.00","104.50","100.00","102.00","+1.50","2,157"
"3024","憶聲","304,319","1,928,633","6.77","6.80","6.25","6.28","-0.18","91"
"3025","星通","215,006","3,062,084","14.35","14.45","14.00","14.05","-0.30","103"
"3026","禾伸堂","3,821,189","331,774,565","89.10","89.70","83.50","83.50","-3.60","2,777"
"3027","盛達","146,000","841,690","5.80","5.81","5.70","5.70","-0.07","74"
"3028","增你強","733,535","12,593,809","17.35","17.50","17.00","17.05","-0.30","368"
"3029","零壹","2,564,300","74,055,676","28.80","29.35","28.25","28.30","+0.10","1,682"
"3030","德律","1,031,557","44,469,851","43.85","43.85","42.50","42.50","-0.80","736"
"3031","佰鴻","1,452,563","14,902,114","10.20","10.35","10.05","10.20","+0.05","404"
"3032","偉訓","281,358","5,797,550","20.20","20.85","20.20","20.70","+0.35","166"
"3033","威健","1,723,618","21,614,724","12.75","12.90","12.10","12.10","-0.65","922"
"3034","聯詠","5,443,470","930,502,702","171.00","173.50","168.00","168.50","-1.50","3,882"
"3035","智原","3,697,899","122,601,160","33.95","34.00","32.00","32.35","-0.60","2,575"
"3036","文曄","1,443,269","50,597,020","35.05","35.35","34.60","34.65","-0.65","875"
"3037","欣興","40,064,336","1,089,605,990","27.40","28.00","26.20","26.20","-0.30","18,046"
"3038","全台","1,227,998","16,264,474","13.50","13.60","13.00","13.00","-0.20","541"
"3040","遠見","107,000","2,696,450","25.50","25.55","25.00","25.10","+0.05","77"
"3041","揚智","3,288,450","43,618,950","13.50","13.65","12.80","12.80","-0.30","1,538"
"3042","晶技","11,675,907","482,210,812","43.10","43.65","40.10","40.10","-2.40","7,261"
"3043","科風","277,475","380,458","1.35","1.42","1.35","1.36","-0.14","58"
"3044","健鼎","2,729,650","240,043,637","86.90","90.90","86.60","87.40","+0.60","1,415"
"3045","台灣大","11,731,057","1,185,341,257","102.50","102.50","99.80","101.00","-2.00","5,758"
"3046","建碁","19,098","144,811","7.80","7.80","7.33","7.35","-0.37","31"
"3047","訊舟","1,580,010","9,790,980","6.23","6.38","6.00","6.05","-0.25","422"
"3048","益登","2,766,734","38,419,082","14.05","14.30","13.60","13.60","+0.30","1,431"
"3049","和鑫","15,529,677","141,640,538","8.92","9.35","8.85","8.94","+0.19","4,798"
"3050","鈺德","2,109,005","17,245,280","8.32","8.35","7.99","8.00","-0.46","613"
"3051","力特","189,912","583,591","3.00","3.19","3.00","3.14","+0.05","48"
"3052","夆典","1,525,009","13,765,663","8.91","9.22","8.80","8.98","+0.12","370"
"3054","立萬利","49,567","1,118,155","22.90","22.90","22.20","22.30","-0.55","46"
"3055","蔚華科","121,214","3,047,754","25.55","25.60","24.90","24.90","-0.20","106"
"3056","總太","2,619,643","60,688,635","24.05","24.10","22.70","22.70","-1.30","1,395"
"3057","喬鼎","327,086","1,435,103","4.40","4.64","4.30","4.34","-0.09","134"
"3058","立德","328,000","1,715,490","5.40","5.40","5.05","5.20","-0.21","120"
"3059","華晶科","1,290,277","21,520,370","16.85","17.15","16.05","16.30","-0.90","708"
"3060","銘異","1,635,733","18,513,213","11.35","11.70","11.00","11.00","-0.15","798"
"3062","建漢","1,651,892","18,854,460","11.30","11.60","11.20","11.30","-0.10","857"
"3090","日電貿","2,200,720","82,162,897","37.70","38.15","36.35","36.50","-0.80","1,594"
"3094","聯傑","423,030","6,656,616","15.70","16.20","15.45","15.75","-0.15","215"
"3130","一零四","62,050","8,432,250","140.50","141.00","132.50","132.50","-7.50","83"
"3149","正達","1,026,581","5,168,049","5.45","5.46","4.91","4.95","-0.50","306"
"3164","景岳","223,184","4,464,330","20.00","20.55","19.45","19.45","-0.55","107"
"3167","大量","200,001","6,827,884","34.25","34.40","33.90","34.10","-0.15","161"
"3189","景碩","5,613,719","197,730,077","36.00","36.15","34.35","34.50","-0.70","3,258"
"3209","全科","741,471","12,590,407","17.05","17.15","16.80","17.00","+0.05","372"
"3229","晟鈦","47,585","440,469","9.32","9.65","9.15","9.30","-0.02","23"
"3231","緯創","24,039,639","492,305,028","20.65","20.90","20.10","20.10","-0.70","9,482"
"3257","虹冠電","170,507","7,980,346","47.40","47.50","46.60","46.85","-0.55","132"
"3266","昇陽","114,000","1,388,650","11.80","12.35","11.80","12.25","+0.05","82"
"3296","勝德","105,500","1,250,374","12.05","12.20","11.50","11.95","-0.25","65"
"3305","昇貿","157,127","2,945,313","18.70","18.95","18.50","18.75","-0.15","117"
"3308","聯德","15,019","65,259","4.30","4.64","4.06","4.21","X0.00","14"
"3311","閎暉","195,464","3,949,834","20.85","20.90","19.65","19.80","-1.00","199"
"3312","弘憶股","602,280","6,784,793","11.60","11.65","11.05","11.05","-0.15","266"
"3321","同泰","336,956","2,419,573","7.09","7.45","6.88","6.88","-0.53","197"
"3338","泰碩","18,276,856","1,475,515,249","82.00","83.50","77.70","77.70","-2.10","13,273"
"3346","麗清","250,087","4,375,405","18.05","18.10","17.25","17.25","-0.55","151"
"3356","奇偶","777,259","14,504,598","19.25","19.30","18.00","18.00","-1.25","420"
"3376","新日興","3,069,376","316,402,200","106.00","108.00","99.00","99.00","-7.00","2,201"
"3380","明泰","3,804,135","60,296,897","16.15","16.25","15.55","15.60","-0.40","1,624"
"3383","新世紀","78,775","314,256","4.20","4.31","3.73","4.28","+0.14","36"
"3406","玉晶光","15,301,409","5,279,206,154","356.00","358.50","326.00","330.50","-15.00","11,789"
"3413","京鼎","2,342,922","246,039,810","107.50","107.50","103.00","103.00","-1.00","1,871"
"3416","融程電","91,100","4,559,560","50.90","50.90","49.30","49.75","-0.35","65"
"3419","譁裕","825,133","8,212,718","9.81","10.15","9.71","9.71","-0.09","363"
"3432","台端","81,000","735,250","9.00","9.18","9.00","9.03","-0.18","46"
"3437","榮創","991,200","11,050,400","11.30","11.35","10.85","10.90","-0.25","451"
"3443","創意","1,796,517","332,018,260","187.00","192.00","177.50","177.50","-7.50","1,646"
"3450","聯鈞","7,145,340","430,987,783","62.00","62.40","56.50","57.70","-2.60","5,174"
"3454","晶睿","278,546","18,443,495","66.00","67.30","65.20","65.20","-0.80","261"
"3481","群創","127,010,436","732,635,520","5.86","5.91","5.64","5.64","-0.13","23,344"
"3494","誠研","232,000","744,580","3.21","3.32","3.16","3.22","+0.01","69"
"3501","維熹","203,234","8,003,545","39.10","39.75","39.00","39.00","-0.75","150"
"3504","揚明光","1,530,697","69,317,510","46.00","47.00","42.60","42.60","-2.85","1,047"
"3515","華擎","5,248,650","475,181,850","91.10","94.00","87.00","87.00","-3.50","4,292"
"3518","柏騰","735,008","14,241,744","20.90","20.90","18.15","18.15","-2.00","477"
"3528","安馳","99,198","3,450,980","35.10","35.75","34.20","35.00","+0.50","89"
"3530","晶相光","2,481,407","181,972,997","76.00","77.10","68.80","68.90","-5.20","1,935"
"3532","台勝科","6,013,181","861,864,573","142.00","150.00","133.50","133.50","-9.50","4,391"
"3533","嘉澤","1,956,728","469,880,860","237.50","245.00","232.00","233.50","+1.50","1,674"
"3535","晶彩科","1,335,013","14,934,732","11.35","11.90","10.60","10.60","-0.45","763"
"3536","誠創","44,010","141,272","3.21","3.21","3.21","3.21","-0.35","14"
"3545","敦泰","7,698,113","210,502,906","27.20","28.30","26.15","27.10","-0.15","3,620"
"3550","聯穎","412,079","4,137,107","10.00","10.10","9.93","10.05","+0.05","111"
"3557","嘉威","529,297","20,651,866","39.00","39.90","38.00","38.50","-0.50","311"
"3563","牧德","3,219,787","754,465,436","252.50","255.00","223.50","223.50","-24.50","2,799"
"3576","聯合再生","8,684,710","42,206,064","4.80","4.95","4.76","4.80","+0.09","2,097"
"3583","辛耘","492,613","19,093,799","38.80","39.70","37.80","37.85","-0.85","370"
"3588","通嘉","374,008","7,817,518","20.00","21.80","20.00","21.20","+0.60","301"
"3591","艾笛森","150,206","1,254,438","8.32","8.47","8.25","8.36","+0.09","95"
"3593","力銘","107,459","866,831","8.29","8.29","7.90","7.90","-0.39","63"
"3596","智易","5,488,495","338,077,926","61.20","62.80","60.50","60.70","+2.50","4,105"
"3605","宏致","800,995","14,809,957","18.85","19.15","18.00","18.05","-0.70","488"
"3607","谷崧","280,012","2,501,908","9.05","9.16","8.56","8.56","-0.44","175"
"3617","碩天","341,524","26,042,781","76.50","77.10","75.50","75.80","+0.30","278"
"3622","洋華","392,054","6,318,918","15.95","16.50","15.70","16.15","+0.50","233"
"3645","達邁","817,900","22,412,550","27.70","28.10","26.50","26.50","-1.10","551"
"3653","健策","8,006,371","1,180,599,182","146.00","152.50","141.50","142.00","-0.50","5,769"
"3661","世芯-KY","8,802,897","1,527,655,005","177.00","179.00","165.00","165.00","-7.00","6,377"
"3665","貿聯-KY","3,372,593","511,393,450","152.00","156.00","147.50","148.00","+1.00","2,653"
"3669","圓展","4,503,262","111,367,042","26.50","27.10","23.15","23.15","-2.55","2,402"
"3673","TPK-KY","4,637,059","168,537,180","36.75","37.30","35.00","35.20","-0.80","2,948"
"3679","新至陞","144,202","6,656,491","46.60","47.10","45.45","45.45","-1.25","117"
"3682","亞太電","4,205,060","23,861,320","5.71","5.75","5.61","5.61","-0.05","1,438"
"3686","達能","344,539","1,102,477","3.29","3.29","3.15","3.27","-0.02","163"
"3694","海華","303,000","3,627,600","11.90","12.30","11.85","12.05","+0.15","174"
"3698","隆達","1,496,508","16,657,384","11.25","11.40","10.70","10.85","-0.35","778"
"3701","大眾控","14,998","189,570","12.75","12.75","12.60","12.60","+0.25","21"
"3702","大聯大","6,909,498","242,043,409","35.05","35.30","34.75","34.90","-0.20","3,180"
"3702A","大聯大甲特","738,250","35,574,775","48.20","48.30","48.10","48.20","-0.10","210"
"3703","欣陸","747,046","7,480,530","9.91","10.25","9.91","9.97","+0.06","296"
"3704","合勤控","3,740,000","42,608,350","11.10","11.65","11.10","11.60","+0.45","2,001"
"3705","永信","640,089","25,351,553","40.00","40.00","39.35","39.45","-0.55","450"
"3706","神達","15,905,926","424,343,079","27.00","27.35","25.90","26.00","-0.80","7,138"
"3708","上緯投控","850,224","49,395,703","59.80","59.80","56.80","56.80","-0.80","874"
"3711","日月光投控","16,818,524","952,401,002","57.40","57.60","55.50","55.50","-2.20","6,482"
"3712","永崴投控","832,694","8,901,544","11.00","11.30","10.05","10.10","-0.90","565"
"4104","佳醫","298,311","14,827,169","49.80","50.10","49.50","49.60"," 0.00","245"
"4106","雃博","619,100","11,939,987","19.85","20.35","18.05","18.10","-1.55","446"
"4108","懷特","381,119","4,647,253","12.50","13.00","11.70","12.00","-0.50","288"
"4119","旭富","3,485,010","337,032,025","100.50","101.00","93.00","93.00","-5.50","2,560"
"4133","亞諾法","4,068,658","137,496,626","32.90","35.30","32.40","33.10","+0.75","2,873"
"4137","麗豐-KY","669,300","109,619,800","168.00","169.00","160.00","161.00","-3.50","576"
"4141","龍燈-KY","235,209","2,814,116","12.00","12.15","11.75","11.80","-0.20","121"
"4142","國光生","23,860,954","702,499,197","29.85","30.30","28.60","28.80","-0.05","10,736"
"4144","康聯-KY","741,578","15,009,899","20.20","20.60","20.20","20.20","-2.20","385"
"4148","全宇生技-KY","115,019","2,378,218","21.20","21.50","20.40","20.60","+0.20","93"
"4155","訊映","667,752","17,027,037","25.80","26.15","25.00","25.00","-0.60","348"
"4164","承業醫","1,609,000","47,761,550","28.50","31.25","28.50","30.70","-0.70","829"
"4190","佐登-KY","336,000","22,529,600","67.40","68.80","65.20","65.20","-2.00","275"
"4306","炎洲","1,330,791","13,070,951","9.60","9.96","9.60","9.88","+0.21","511"
"4414","如興","3,413,334","28,266,598","8.48","8.50","8.04","8.31","-0.09","1,070"
"4426","利勤","920,450","24,156,925","26.60","26.95","25.20","25.20","-0.90","620"
"4438","廣越","156,071","17,945,552","117.50","117.50","114.00","115.50","-0.50","120"
"4439","冠星-KY","32,000","3,730,500","120.00","120.00","112.00","117.00","-3.00","32"
"4526","東台","482,080","5,566,023","11.60","11.75","11.45","11.45","-0.15","224"
"4532","瑞智","994,205","15,515,675","15.85","15.95","15.25","15.50","-0.35","564"
"4536","拓凱","333,064","32,677,764","101.50","101.50","96.00","96.10","-4.40","267"
"4540","全球傳動","377,080","14,751,559","38.80","40.10","38.05","38.20","-0.10","288"
"4545","銘鈺","205,740","4,534,778","21.15","22.70","21.15","22.45","+1.35","156"
"4551","智伸科","920,100","94,530,968","106.00","108.00","99.20","99.70","-5.30","808"
"4552","力達-KY","357,671","9,029,275","24.70","26.00","24.70","25.00"," 0.00","225"
"4555","氣立","40,000","1,665,750","41.55","42.75","41.30","41.35","-0.20","36"
"4557","永新-KY","109,621","6,748,881","61.90","61.90","61.10","61.30","-0.70","105"
"4560","強信-KY","144,000","6,030,550","42.55","42.75","41.30","41.95","-0.60","104"
"4562","穎漢","39,100","684,985","17.30","18.00","17.30","17.35","-1.45","29"
"4564","元翎","673,971","18,101,765","26.70","27.40","26.60","26.60"," 0.00","532"
"4566","時碩工業","358,000","11,866,200","32.75","33.70","32.50","32.60","-0.15","181"
"4571","鈞興-KY","68,155","2,949,472","45.05","46.30","42.30","42.65","-3.95","64"
"4572","駐龍","87,300","6,867,808","77.70","80.20","77.70","77.80","-1.30","77"
"4576","大銀微系統","393,740","21,087,580","55.20","55.60","51.10","52.00","-2.00","328"
"4581","光隆精密-KY","117,000","3,851,850","32.50","33.20","32.50","32.50","+0.50","61"
"4720","德淵","328,785","3,720,119","11.50","11.60","11.20","11.35"," 0.00","151"
"4722","國精化","695,933","18,165,642","25.10","27.80","25.00","25.55","+0.10","363"
"4725","信昌化","948,240","6,870,053","7.50","7.52","7.12","7.12","-0.24","326"
"4737","華廣","428,000","26,016,200","65.00","65.30","59.00","59.10","-6.40","311"
"4739","康普","830,574","31,392,562","38.60","39.25","36.30","36.30","-1.40","580"
"4746","台耀","8,789,267","369,660,835","45.75","46.00","40.05","40.45","-3.90","5,731"
"4755","三福化","48,099","1,995,028","42.50","42.50","40.80","41.35","-0.95","39"
"4763","材料-KY","596,111","57,175,278","95.10","98.30","95.00","95.30","+1.30","468"
"4764","雙鍵","146,100","7,724,250","51.50","54.50","51.50","51.90","-3.00","131"
"4766","南寶","300,367","35,579,306","117.00","120.50","117.00","118.00","-1.50","265"
"4807","日成-KY","232,000","4,874,750","21.30","22.15","20.85","20.85","-2.30","112"
"4904","遠傳","7,424,367","463,903,721","61.50","63.50","61.10","63.00","+0.30","4,100"
"4906","正文","2,984,108","50,634,291","17.10","17.50","16.25","16.35","-0.55","1,662"
"4912","聯德控股-KY","153,093","9,828,159","61.00","66.40","61.00","63.00","+0.50","145"
"4915","致伸","3,936,469","153,322,656","40.15","40.30","37.75","37.75","-1.55","2,144"
"4916","事欣科","549,015","12,754,111","23.10","23.60","22.65","22.65","-0.95","320"
"4919","新唐","1,250,085","38,329,963","30.25","31.30","30.20","30.20"," 0.00","958"
"4927","泰鼎-KY","14,505,450","746,637,798","50.90","52.70","50.00","50.50","+1.35","9,431"
"4930","燦星網","192,400","1,403,833","7.19","7.40","7.19","7.26","-0.14","97"
"4934","太極","2,867,061","32,202,099","11.60","11.90","10.45","10.45","-1.00","1,174"
"4935","茂林-KY","6,296,843","534,211,891","85.00","88.00","80.70","80.70","-2.10","4,648"
"4938","和碩","8,971,566","455,337,007","51.00","51.70","50.20","50.30","-0.40","5,024"
"4942","嘉彰","745,260","20,764,964","27.80","28.35","27.55","27.60","-0.15","501"
"4943","康控-KY","3,680,139","336,295,447","91.90","93.50","88.40","89.30","+1.20","2,847"
"4952","凌通","412,708","10,820,491","26.90","26.90","25.95","26.05","-0.40","259"
"4956","光鋐","337,707","2,795,987","8.28","8.39","8.23","8.23","-0.02","219"
"4958","臻鼎-KY","11,451,605","944,291,602","80.80","85.40","80.00","81.10","+1.90","7,498"
"4960","誠美材","898,155","3,734,078","4.10","4.47","3.90","4.14","-0.16","201"
"4961","天鈺","1,159,901","25,840,080","22.40","23.00","21.35","21.40","-1.10","695"
"4967","十銓","8,460,840","258,549,946","33.10","33.25","29.35","29.35","-3.25","4,787"
"4968","立積","5,348,089","590,398,667","114.50","116.00","103.00","103.00","-7.50","3,843"
"4976","佳凌","1,233,084","17,250,274","14.10","14.60","13.30","13.50","-0.45","766"
"4977","眾達-KY","2,662,256","227,045,000","90.00","90.50","80.00","80.10","-6.90","1,985"
"4989","榮科","431,000","5,852,900","14.05","14.05","13.10","13.10","-0.45","218"
"4994","傳奇","223,560","10,188,695","48.40","48.40","44.50","44.50","+0.50","205"
"4999","鑫禾","112,000","3,451,000","31.55","31.70","30.15","30.40","-1.15","100"
"5007","三星","312,119","13,933,724","44.95","46.00","43.75","46.00","+1.05","225"
"5203","訊連","1,510,060","139,713,807","95.40","97.20","90.00","90.10","-4.20","1,321"
"5215","科嘉-KY","1,342,600","68,214,119","49.50","52.20","49.40","50.40","+1.90","1,008"
"5225","東科-KY","495,000","10,726,950","22.05","22.30","21.20","21.25","-0.10","336"
"5234","達興材料","637,307","44,774,189","72.10","72.40","68.10","68.10","-3.40","502"
"5243","乙盛-KY","999,021","25,524,043","26.00","26.15","25.15","25.15","-0.75","597"
"5258","虹堡","292,100","4,932,630","17.20","17.40","16.25","16.35","-0.65","183"
"5264","鎧勝-KY","4,509,150","159,199,060","34.00","36.50","33.00","34.65","+1.15","2,745"
"5269","祥碩","1,914,258","1,329,558,020","692.00","727.00","672.00","685.00","+13.00","1,848"
"5283","禾聯碩","263,370","24,073,399","92.20","92.80","90.60","90.90","-0.20","202"
"5284","jpp-KY","68,208","2,284,726","35.20","35.20","32.65","32.65","-2.45","50"
"5285","界霖","346,011","13,055,501","36.80","39.00","36.80","37.40","+0.05","229"
"5288","豐祥-KY","136,186","12,699,498","94.00","94.00","92.00","92.10","-1.40","114"
"5305","敦南","598,802","23,432,875","38.85","39.60","38.80","39.00","+0.20","420"
"5388","中磊","2,028,550","123,299,200","61.40","61.60","59.30","59.30","-2.00","1,437"
"5434","崇越","1,361,275","117,768,075","88.00","88.60","84.00","84.00","-3.40","1,123"
"5469","瀚宇博","6,222,492","192,752,850","31.50","31.50","30.40","30.40","-0.10","2,920"
"5471","松翰","6,854,630","241,494,431","35.50","36.20","34.50","34.50","+0.05","4,409"
"5484","慧友","254,477","1,887,281","7.47","7.47","7.10","7.44","+0.04","52"
"5515","建國","937,542","7,392,529","8.09","8.26","7.71","7.79","-0.28","294"
"5519","隆大","990,603","11,223,451","11.50","11.60","11.10","11.10","-0.30","488"
"5521","工信","2,497,213","15,751,652","6.60","6.64","6.12","6.12","-0.36","903"
"5522","遠雄","1,648,604","53,333,377","32.60","32.80","31.95","32.20","-0.40","1,088"
"5525","順天","141,400","2,413,739","17.20","17.50","16.70","17.20"," 0.00","114"
"5531","鄉林","1,261,084","9,515,842","7.83","7.83","7.31","7.70"," 0.00","536"
"5533","皇鼎","146,292","2,085,081","14.25","14.50","14.05","14.05","-0.30","81"
"5534","長虹","908,301","63,242,739","70.10","70.90","67.80","68.10","-2.00","630"
"5538","東明-KY","12,000","317,950","24.80","27.80","24.80","27.80","+2.50","12"
"5607","遠雄港","1,485,031","26,705,114","18.15","18.35","17.60","17.70","-0.40","485"
"5608","四維航","807,890","4,125,820","5.20","5.20","5.01","5.14","-0.18","318"
"5706","鳳凰","431,927","10,163,483","25.65","25.65","23.15","23.15","-2.55","352"
"5871","中租-KY","11,706,164","1,020,155,493","87.90","89.00","86.20","86.30","-1.00","6,359"
"5876","上海商銀","11,271,026","429,547,467","38.20","39.10","37.20","38.00","-0.25","5,071"
"5880","合庫金","47,781,712","821,741,554","17.35","17.40","17.10","17.10","-0.25","14,441"
"5906","台南-KY","18,000","301,000","16.60","17.05","16.40","16.90","+0.10","16"
"5907","大洋-KY","382,500","6,438,300","16.90","17.45","16.25","16.75"," 0.00","245"
"6005","群益證","3,648,468","30,375,571","8.39","8.43","8.28","8.30","-0.05","1,133"
"6024","群益期","573,227","19,902,573","35.10","35.45","34.40","34.40","-0.60","390"
"6108","競國","791,006","14,435,664","19.10","19.10","17.70","17.70","-0.80","485"
"6112","聚碩","1,160,352","37,087,239","32.20","32.45","31.50","31.55","-0.50","788"
"6115","鎰勝","326,000","12,578,300","38.80","38.80","38.40","38.50","-0.30","209"
"6116","彩晶","18,451,286","98,578,238","5.39","5.45","5.17","5.17","-0.12","4,456"
"6117","迎廣","15,000","179,950","12.40","12.40","11.50","11.50","-0.80","15"
"6120","達運","2,507,458","22,630,570","9.24","9.36","8.51","8.51","-0.69","1,188"
"6128","上福","92,216","2,307,120","25.20","25.25","24.90","25.10","+0.10","80"
"6131","鈞泰","32,244","105,642","3.49","3.49","3.16","3.17","-0.32","35"
"6133","金橋","83,013","552,506","6.70","6.70","6.50","6.70","-0.24","48"
"6136","富爾特","307,187","4,936,819","16.05","16.20","15.90","15.90","-0.10","183"
"6139","亞翔","762,002","16,303,446","21.60","21.80","21.10","21.10","-0.15","396"
"6141","柏承","1,040,057","14,741,798","14.35","14.45","13.90","13.90"," 0.00","562"
"6142","友勁","309,861","1,353,370","4.19","4.50","4.19","4.38","-0.07","101"
"6152","百一","128,210","569,614","4.62","4.62","4.32","4.37","-0.06","79"
"6153","嘉聯益","8,097,829","181,019,904","22.60","23.10","21.50","21.50","-0.60","3,901"
"6155","鈞寶","366,050","6,454,745","17.90","17.95","17.10","17.20","-0.15","294"
"6164","華興","280,000","1,386,940","4.82","5.10","4.82","4.93","-0.03","94"
"6165","捷泰","533,199","8,837,079","17.00","17.70","15.60","15.60","-1.30","232"
"6166","凌華","1,062,639","57,606,710","52.30","56.50","52.30","56.50","+2.40","747"
"6168","宏齊","620,098","6,268,967","10.20","10.30","9.91","9.93","-0.27","353"
"6172","互億","37,000","700,300","18.90","19.20","18.70","18.90","+0.35","30"
"6176","瑞儀","4,755,555","383,347,819","82.50","83.80","77.30","77.30","-4.70","3,351"
"6177","達麗","661,088","15,514,893","23.85","23.95","23.15","23.25","-0.55","323"
"6183","關貿","501,458","18,654,382","37.70","38.10","36.10","36.65","-1.45","345"
"6184","大豐電","187,700","7,231,069","38.50","38.70","38.20","38.50","-0.10","141"
"6189","豐藝","1,769,525","50,857,402","29.40","29.40","28.35","28.35","-1.05","1,120"
"6191","精成科","2,346,400","26,689,789","11.40","11.70","11.20","11.20","-0.10","872"
"6192","巨路","290,768","16,331,498","55.50","57.00","55.40","55.50","+0.20","267"
"6196","帆宣","1,510,527","81,314,033","54.50","55.00","52.50","53.20","+0.20","1,176"
"6197","佳必琪","1,051,966","23,420,862","23.20","23.40","21.30","21.50","-1.50","544"
"6201","亞弘電","183,000","5,742,850","31.60","32.10","30.80","31.00","-0.60","150"
"6202","盛群","2,057,500","127,498,900","63.10","63.20","60.30","60.40","-3.00","1,618"
"6205","詮欣","45,040","882,987","19.60","19.85","19.35","19.60","-0.05","42"
"6206","飛捷","426,143","24,964,936","59.10","59.70","57.10","57.10","-1.90","357"
"6209","今國光","803,269","12,701,235","16.00","16.25","15.35","15.35","-0.40","519"
"6213","聯茂","13,578,297","1,602,083,843","115.00","121.00","112.50","118.00","+8.00","8,021"
"6214","精誠","1,127,229","81,865,710","73.20","73.80","71.50","71.60","-1.30","865"
"6215","和椿","277,193","2,865,320","10.30","10.45","10.25","10.40","+0.15","124"
"6216","居易","195,050","4,521,310","23.20","23.75","22.60","22.60","-1.15","176"
"6224","聚鼎","309,597","15,888,902","52.00","52.30","50.60","50.80","-0.80","271"
"6225","天瀚","49,745","98,375","1.98","1.98","1.98","1.98","X0.00","6"
"6226","光鼎","914,027","5,744,202","6.37","6.37","6.22","6.25","-0.05","372"
"6230","超眾","3,699,713","677,057,257","176.00","189.00","175.50","189.00","+17.00","2,874"
"6235","華孚","469,561","3,757,188","7.96","8.34","7.90","7.95","-0.01","235"
"6239","力成","7,785,459","608,329,484","81.80","81.90","75.80","76.00","-3.70","5,055"
"6243","迅杰","178,009","1,104,484","6.32","6.32","6.05","6.17","-0.15","101"
"6251","定穎","4,660,514","62,827,131","13.70","13.95","13.00","13.05","-0.55","1,945"
"6257","矽格","5,780,590","179,486,997","31.40","31.80","30.20","30.20","-0.85","3,156"
"6269","台郡","6,239,041","562,066,939","91.80","91.90","87.00","87.00","-2.80","3,775"
"6271","同欣電","3,707,478","376,502,566","104.50","105.00","98.80","99.00","-2.00","2,560"
"6277","宏正","313,000","24,408,100","79.00","79.50","77.20","77.20","-1.50","256"
"6278","台表科","7,381,320","475,054,440","66.90","67.40","61.40","61.40","-3.40","5,273"
"6281","全國電","242,350","14,995,728","62.50","62.50","61.10","61.10","-1.20","216"
"6282","康舒","2,436,920","42,443,846","17.60","17.80","17.00","17.00","-0.40","1,314"
"6283","淳安","587,950","8,054,629","13.65","14.30","13.40","13.40","-0.25","299"
"6285","啟碁","3,088,068","158,439,334","52.50","53.20","50.00","50.10","-2.00","1,973"
"6288","聯嘉","1,727,515","27,682,411","16.05","16.40","15.75","15.75","+0.15","838"
"6289","華上","64,977","101,392","1.66","1.66","1.55","1.55","-0.11","69"
"6405","悅城","88,000","970,450","11.30","11.30","10.70","11.00","-0.20","50"
"6409","旭隼","357,071","218,395,526","605.00","625.00","605.00","611.00","+10.00","206"
"6412","群電","1,478,185","69,114,631","47.45","47.70","46.05","46.20","-1.00","1,203"
"6414","樺漢","2,101,533","312,628,318","154.50","158.00","142.00","143.00","-8.50","1,828"
"6415","矽力-KY","1,669,948","1,280,011,872","803.00","804.00","712.00","712.00","-66.00","1,624"
"6416","瑞祺電通","7,605,468","893,830,852","117.50","121.00","112.00","114.00","-1.00","5,876"
"6431","光麗-KY","95,000","1,987,150","20.50","21.05","20.50","20.50","-0.30","20"
"6442","光聖","113,712","4,089,854","36.25","36.50","34.60","34.60","-0.40","77"
"6443","元晶","1,448,863","6,924,162","4.74","4.85","4.68","4.68","+0.01","464"
"6449","鈺邦","204,035","4,609,071","23.00","23.10","22.10","22.15","-0.35","155"
"6451","訊芯-KY","2,030,400","163,803,500","81.70","82.70","78.00","78.00","-1.20","1,522"
"6452","康友-KY","1,606,773","237,524,812","149.50","152.50","142.50","143.50","-3.50","1,259"
"6456","GIS-KY","3,068,246","222,610,794","74.30","74.90","70.20","70.40","-2.20","2,194"
"6464","台數科","19,585","2,139,435","109.00","111.00","107.00","111.00"," 0.00","20"
"6477","安集","329,000","5,666,100","17.50","17.50","17.10","17.10","-0.10","135"
"6491","晶碩","171,600","17,151,900","96.40","104.00","96.40","99.10","+2.80","152"
"6504","南六","1,462,320","206,382,800","143.00","145.00","138.00","138.00","-3.50","1,132"
"6505","台塑化","7,848,301","537,013,960","68.90","69.00","67.80","68.20","-1.20","4,706"
"6525","捷敏-KY","335,409","15,525,514","46.10","47.30","45.10","46.00","-0.25","254"
"6531","愛普","5,102,351","430,305,737","86.20","88.20","78.80","82.40","-0.70","3,660"
"6533","晶心科","610,681","47,112,394","79.30","79.70","73.10","73.40","-3.80","528"
"6541","泰福-KY","1,102,216","30,938,469","29.40","30.25","26.80","26.85","-2.90","670"
"6552","易華電","2,206,201","101,139,775","45.35","47.65","44.25","44.65","+0.40","1,553"
"6558","興能高","3,729,614","115,181,847","32.10","32.80","29.65","29.65","-3.25","2,643"
"6573","虹揚-KY","60,000","933,400","16.40","16.40","15.10","15.35","-0.85","48"
"6579","研揚","115,041","6,936,692","60.80","60.90","59.70","60.20","-0.50","82"
"6581","鋼聯","142,268","7,501,701","54.90","55.00","51.00","51.00","-4.20","106"
"6582","申豐","466,301","33,511,477","75.00","75.00","68.00","68.00","-5.70","396"
"6591","動力-KY","375,000","12,135,750","32.85","33.10","31.35","31.50","-0.70","283"
"6592","和潤企業","2,063,539","128,593,018","62.00","63.20","62.00","62.00"," 0.00","1,294"
"6605","帝寶","307,436","12,949,329","43.20","43.50","41.00","41.00","-2.00","228"
"6625","必應","60,614","1,605,816","24.75","28.20","24.75","27.80","+0.70","56"
"6641","基士德-KY","67,500","3,449,050","51.00","51.90","50.40","51.10","+0.10","53"
"6655","科定","182,969","6,515,946","34.80","36.00","34.80","35.90","+1.70","143"
"6666","羅麗芬-KY","156,120","15,063,900","94.30","98.50","94.30","96.90","+3.30","148"
"6668","中揚光","1,359,229","68,410,071","52.20","52.20","48.30","48.50","-2.70","893"
"6669","緯穎","2,248,997","1,514,950,077","695.00","695.00","641.00","641.00","-33.00","2,146"
"6670","復盛應用","836,300","118,487,448","141.00","146.00","138.50","140.00","+1.50","794"
"6671","三能-KY","121,000","3,839,100","31.15","32.80","30.85","31.75","+1.05","77"
"6672","騰輝電子-KY","661,100","48,919,030","74.00","75.20","72.50","72.50","-1.10","537"
"6674","鋐寶科技","78,050","1,340,580","17.35","17.45","17.00","17.25","-0.20","64"
"6698","旭暉應材","567,465","23,692,989","44.90","44.90","39.80","40.10","-4.10","435"
"6706","惠特","999,601","70,484,146","74.40","74.40","66.90","67.20","-6.10","803"
"6715","嘉基","313,103","22,086,210","72.10","73.00","67.20","69.90","-1.10","241"
"8011","台通","652,455","7,515,897","11.40","12.20","11.05","11.05","-0.50","326"
"8016","矽創","4,132,044","492,824,472","121.00","123.50","112.00","112.00","-7.00","2,961"
"8021","尖點","1,962,450","32,444,825","16.80","17.00","16.05","16.10","-0.40","1,190"
"8028","昇陽半導體","2,741,637","114,044,867","42.20","43.25","39.85","39.90","-1.35","1,732"
"8033","雷虎","321,252","2,281,588","7.07","7.21","7.00","7.05","-0.01","160"
"8039","台虹","3,668,344","149,742,019","41.40","41.85","39.50","39.55","-1.45","2,158"
"8046","南電","16,084,477","767,353,468","46.00","49.15","45.30","47.60","+2.90","9,363"
"8070","長華","217,758","29,110,314","133.50","135.00","132.00","132.50"," 0.00","199"
"8072","陞泰","81,250","1,627,400","20.05","20.15","20.00","20.00","-0.05","63"
"8081","致新","1,329,207","126,114,212","96.20","97.00","93.20","93.90","-0.50","994"
"8101","華冠","734,489","2,875,277","3.90","4.06","3.70","3.87","+0.08","275"
"8103","瀚荃","280,877","5,152,100","19.00","19.05","17.55","17.65","-1.15","165"
"8104","錸寶","222,220","6,090,080","27.70","28.05","26.65","26.75","-0.40","182"
"8105","凌巨","1,756,156","14,437,071","8.20","8.40","8.06","8.08","+0.03","690"
"8110","華東","2,105,325","15,642,911","7.51","7.62","7.24","7.24","-0.26","770"
"8112","至上","4,799,068","143,724,869","30.30","30.55","29.50","29.50","-0.60","2,940"
"8114","振樺電","196,025","14,224,025","72.10","73.80","72.00","72.60","+0.60","176"
"8131","福懋科","1,501,100","47,564,810","32.10","32.30","31.45","31.50","-0.35","943"
"8150","南茂","5,911,679","152,103,925","26.00","26.20","25.00","25.00","-0.45","3,126"
"8163","達方","2,382,783","69,075,930","29.50","29.55","28.50","28.60","-0.05","1,685"
"8201","無敵","100,000","740,090","7.60","7.60","7.12","7.29","-0.23","69"
"8210","勤誠","2,289,161","165,246,300","72.40","74.00","70.00","70.00","+1.00","1,792"
"8213","志超","1,380,830","37,278,882","27.20","27.35","26.75","26.75","-0.30","720"
"8215","明基材","2,449,235","31,671,864","12.75","13.20","12.50","12.65","-0.15","1,059"
"8222","寶一","295,139","3,452,722","12.60","12.60","11.40","11.75","-0.85","176"
"8249","菱光","248,211","4,157,119","16.85","17.00","16.30","16.30","-0.30","148"
"8261","富鼎","399,023","6,799,892","17.10","17.50","16.50","16.70","-0.20","322"
"8271","宇瞻","3,905,157","136,888,988","36.60","37.00","33.40","33.55","-2.15","2,497"
"8341","日友","297,832","61,656,560","208.50","210.00","202.50","203.00","-3.50","396"
"8367","建新國際","122,000","2,579,500","21.50","21.50","20.75","20.90","-0.30","71"
"8374","羅昇","139,266","2,006,855","14.65","14.65","14.05","14.45","+0.10","99"
"8404","百和興業-KY","536,751","15,169,252","28.00","28.80","27.65","28.10","+0.30","389"
"8411","福貞-KY","164,310","1,577,471","9.66","9.99","9.42","9.96","+0.11","129"
"8422","可寧衛","433,589","59,627,693","139.50","139.50","136.00","136.00","-3.50","447"
"8427","基勝-KY","15,000","574,750","39.10","39.10","37.00","37.95","-0.55","15"
"8429","金麗-KY","815,503","5,315,517","6.45","6.68","6.33","6.44"," 0.00","328"
"8442","威宏-KY","173,001","7,888,846","43.95","46.20","43.95","45.95","+1.95","58"
"8443","阿瘦","49,066","399,689","8.20","8.22","8.00","8.07"," 0.00","45"
"8454","富邦媒","294,552","93,310,328","307.00","331.00","303.00","314.00","+6.50","279"
"8462","柏文","780,890","95,931,428","128.50","130.50","117.00","117.00","-12.50","941"
"8463","潤泰材","483,380","15,250,148","33.50","33.85","29.80","29.90","-3.10","353"
"8464","億豐","1,491,700","292,066,800","207.50","207.50","186.50","189.00"," 0.00","1,259"
"8466","美吉吉-KY","62,000","3,743,500","61.00","61.20","58.70","60.20","-0.50","41"
"8467","波力-KY","16,000","643,550","39.50","40.95","39.50","40.20","-0.75","14"
"8473","山林水","235,283","8,537,227","37.05","37.05","35.70","35.75","-1.65","156"
"8478","東哥遊艇","182,000","5,233,000","26.85","29.30","26.85","28.40","+1.75","131"
"8480","泰昇-KY","29,125","3,425,062","118.50","118.50","117.00","117.50"," 0.00","31"
"8481","政伸","21,000","1,055,000","51.00","51.00","49.70","49.70","-0.90","21"
"8482","商億-KY","103,025","11,977,887","120.00","120.00","110.50","114.50","-5.50","81"
"8488","吉源-KY","14,000","174,100","12.25","12.65","12.25","12.30","-0.30","14"
"8497","格威傳媒","302,927","20,551,155","67.90","67.90","67.80","67.80","-0.10","287"
"8499","鼎炫-KY","149,030","10,124,340","67.20","69.70","66.70","66.70","+0.70","133"
"8926","台汽電","2,873,470","82,902,779","28.85","29.25","28.55","28.60","-0.25","1,456"
"8940","新天地","40,000","348,290","8.97","8.97","8.42","8.79","-0.21","33"
"8996","高力","5,291,290","242,374,639","46.40","47.45","44.20","44.50","-0.35","3,640"
"9103","美德醫療-DR","8,273,100","34,460,120","4.38","4.38","4.03","4.03","-0.31","1,785"
"910322","康師傅-DR","116,000","2,963,600","25.70","25.95","25.40","25.70","+1.00","27"
"910482","聖馬丁-DR","13,704","3,654","0.26","0.27","0.26","0.27"," 0.00","7"
"9105","泰金寶-DR","5,030,903","12,586,915","2.59","2.59","2.45","2.45","-0.06","702"
"910861","神州-DR","28,000","183,580","6.37","6.66","6.37","6.66","-0.21","15"
"9110","越南控-DR","138,000","179,800","1.35","1.40","1.27","1.31","-0.04","34"
"911608","明輝-DR","52,000","47,000","0.91","0.92","0.90","0.92","-0.02","8"
"911616","杜康-DR","367,000","261,740","0.73","0.74","0.70","0.71","-0.03","55"
"911622","泰聚亨-DR","0","0","0.00","0.00","0.00","0.00"," 0.00","0"
"911868","同方友友-DR","83,000","72,880","0.89","0.89","0.87","0.88","-0.01","16"
"912000","晨訊科-DR","27,000","45,020","1.75","1.75","1.63","1.63","-0.12","13"
"912398","友佳-DR","10,000","29,300","3.35","3.35","2.85","2.88","X0.00","4"
"9136","巨騰-DR","263,000","1,528,160","5.94","5.94","5.72","5.87","-0.07","63"
"9188","精熙-DR","76,000","192,180","2.52","2.55","2.52","2.55","+0.04","26"
"9802","鈺齊-KY","1,740,050","136,134,100","80.00","80.20","75.50","76.50","-1.50","1,331"
"9902","台火","144,100","1,043,033","7.20","7.45","7.13","7.13","-0.24","79"
"9904","寶成","13,533,108","350,201,158","26.20","26.30","25.40","25.40","-1.10","6,258"
"9905","大華","424,010","8,089,694","19.20","19.30","19.00","19.05","-0.15","200"
"9906","欣巴巴","68,000","1,111,450","16.40","16.50","16.00","16.50","+0.50","30"
"9907","統一實","2,260,887","18,672,880","8.26","8.39","8.20","8.20"," 0.00","900"
"9908","大台北","412,410","11,636,668","28.00","28.55","27.75","28.40","+0.25","266"
"9910","豐泰","2,721,446","348,676,908","130.50","131.00","125.00","127.00","-3.50","1,999"
"9911","櫻花","900,257","36,079,980","39.75","40.60","39.50","40.00","+0.30","755"
"9912","偉聯","55,203","347,058","6.49","6.65","6.00","6.15","-0.28","45"
"9914","美利達","1,695,983","192,272,582","118.50","118.50","110.50","111.50","-8.50","1,264"
"9917","中保科","599,926","48,748,906","82.90","82.90","80.50","81.00","-1.00","564"
"9918","欣天然","70,001","2,223,132","31.30","32.00","31.30","31.55","-0.45","56"
"9919","康那香","16,373,626","314,948,944","19.45","19.90","18.65","18.85","-0.25","7,398"
"9921","巨大","2,108,399","274,578,765","129.50","133.50","125.00","132.00","+1.00","1,657"
"9924","福興","1,968,555","67,317,722","35.90","35.90","33.50","34.00","-1.95","1,067"
"9925","新保","391,709","13,140,815","33.65","33.65","33.40","33.55","-0.10","268"
"9926","新海","52,910","2,047,027","38.60","39.10","38.50","38.60","-0.35","57"
"9927","泰銘","599,027","16,073,470","27.20","27.20","26.50","26.50","-0.70","360"
"9928","中視","5,085","20,540","4.04","4.04","4.04","4.04","-0.14","7"
"9929","秋雨","25,018","292,508","11.30","12.15","11.30","11.90","+0.65","24"
"9930","中聯資源","231,700","9,277,960","40.70","40.70","39.75","39.75","-0.30","193"
"9931","欣高","51,125","1,753,535","34.30","34.95","34.00","34.00"," 0.00","40"
"9933","中鼎","2,376,095","68,481,534","29.25","29.40","28.55","28.55","-0.60","1,832"
"9934","成霖","1,087,675","12,469,060","11.60","11.60","11.20","11.20","-0.45","632"
"9935","慶豐富","3,891,130","85,314,491","21.50","22.90","21.00","21.05","-2.20","1,570"
"9937","全國","99,540","4,088,983","40.70","42.40","40.50","42.40","+0.45","73"
"9938","百和","1,859,507","95,411,309","52.60","53.40","50.20","50.90","-1.40","1,204"
"9939","宏全","3,226,364","144,916,386","46.00","46.45","43.90","44.00","-2.00","2,137"
"9940","信義","614,392","15,029,849","25.00","25.00","24.10","24.15","-0.85","482"
"9941","裕融","1,154,041","94,259,381","83.00","84.00","80.50","80.50","-1.90","977"
"9941A","裕融甲特","110,495","5,692,743","51.00","51.60","51.00","51.50","+0.50","74"
"9942","茂順","446,980","25,102,580","58.40","58.40","55.20","55.50","-2.90","298"
"9943","好樂迪","1,240,952","62,381,800","52.30","52.30","49.50","49.60","-2.70","965"
"9944","新麗","1,463,020","22,024,560","15.60","15.60","14.60","14.65","-0.75","796"
"9945","潤泰新","5,262,676","178,768,894","34.20","34.30","33.40","33.40","-0.65","3,169"
"9946","三發地產","871,456","10,936,770","12.55","12.55","12.55","12.55","-1.35","46"
"9955","佳龍","827,246","10,257,476","13.10","13.10","11.85","12.10","-0.50","412"
"9958","世紀鋼","10,816,881","868,126,524","81.00","81.80","78.50","79.50","+0.90","6,743"
